site_name,contaminant_total,lat,lng,clr
SAVANNAH RIVER SITE (USDOE),912,33.348889,-81.737781,#7F39A4
PEASE AIR FORCE BASE,826,43.080169,-70.82125,#00408A
MCCLELLAN AIR FORCE BASE (GROUND WATER CONTAMINATION),638,38.66,-121.3994,#00448D
HUNTERS POINT NAVAL SHIPYARD,553,37.72229,-122.36732,#004790
OTIS AIR NATIONAL GUARD BASE/CAMP EDWARDS,489,41.651666,-70.521388,#164B93
ROCKY MOUNTAIN ARSENAL (USARMY),435,39.833398,-104.842445,#264E96
AMERICAN CYANAMID CO,398,40.555561,-74.55945,#32529A
CAMP LEJEUNE MILITARY RES. (USNAVY),369,34.717781,-77.342919,#3C559D
FEED MATERIALS PRODUCTION CENTER (USDOE),333,39.29945,-84.688331,#4459A1
NAVAL SURFACE WARFARE CENTER - DAHLGREN,331,38.326667,-77.026944,#4D5CA4
SENECA ARMY DEPOT,329,42.75,-76.85445,#5460A8
ONONDAGA LAKE,290,43.069444,-76.208056,#5B64AC
ABERDEEN PROVING GROUND (EDGEWOOD AREA),280,39.395404,-76.30773,#6267AF
FORT DEVENS,277,42.536111,-71.596111,#696BB3
TREMONT CITY BARREL FILL,273,NA,NA,#6F6FB7
IDAHO NATIONAL ENGINEERING LABORATORY (USDOE),271,43.529389,-112.9435,#7572BA
LOWRY LANDFILL,267,39.646081,-104.709141,#7B76BE
PORTLAND HARBOR,257,45.615278,-122.793056,#8179C1
HIMCO DUMP,253,41.7073,-86.0084,#877DC5
LORING AIR FORCE BASE,252,46.944444,-67.883888,#8D81C8
NEW LONDON SUBMARINE BASE,249,41.400139,-72.087081,#9384CB
FIELDS BROOK,248,41.8915,-80.7754,#9888CF
OAK RIDGE RESERVATION (USDOE),245,35.924719,-84.390139,#9D8BD2
SHPACK LANDFILL,230,41.943331,-71.235,#A38FD5
WOODSTOCK MUNICIPAL LANDFILL,226,42.2923,-88.4402,#A892D8
DOVER AIR FORCE BASE,223,39.127781,-75.466669,#AD95DB
VERONA WELL FIELD,214,42.341669,-85.143331,#B299DE
NAVAL AIR ENGINEERING CENTER,212,40.029719,-74.369161,#B79CE1
ORMET CORP.,212,39.705,-80.841669,#BB9FE4
GEMS LANDFILL,211,39.77945,-75.018889,#C0A2E6
CHERRY POINT MARINE CORPS AIR STATION,208,34.9,-76.8917,#C4A5E9
PARKER SANITARY LANDFILL,208,44.518611,-71.989439,#C9A8EB
SUMMIT NATIONAL,201,41.024,-81.0971,#CDABED
"MOTCO, INC.",199,29.334719,-94.933331,#D1AEEF
MOUND PLANT (USDOE),198,39.6264,-84.2862,#D4B1F1
PLATTSBURGH AIR FORCE BASE,197,44.6575,-73.464719,#D8B3F3
HAVERTOWN PCP,195,39.982781,-75.318611,#DBB6F4
SOUTH WEYMOUTH NAVAL AIR STATION,192,42.155277,-70.93347,#DEB8F5
IRON HORSE PARK,190,42.583331,-71.265269,#E1BAF6
SOUTHERN MARYLAND WOOD TREATING,188,38.3589,-76.5882,#955CB9
ALAMEDA NAVAL AIR STATION,185,37.788889,-122.33,#955CB9
HASTINGS GROUND WATER CONTAMINATION,185,40.583331,-98.383331,#955CB9
NIAGARA COUNTY REFUSE,185,43.06055,-78.906111,#955CB9
NYANZA CHEMICAL WASTE DUMP,181,42.258611,-71.473611,#955CB9
MINOT LANDFILL,180,48.217637,-101.326255,#955CB9
BATAVIA LANDFILL,179,43.0197,-78.2561,#955CB9
HOMESTEAD AIR FORCE BASE,179,25.489444,-80.396944,#955CB9
OKLAHOMA REFINING CO.,177,34.898331,-98.193339,#955CB9
SILRESIM CHEMICAL CORP.,169,42.628889,-71.313889,#955CB9
PENSACOLA NAVAL AIR STATION,167,30.357222,-87.283054,#955CB9
BRUNSWICK NAVAL AIR STATION,164,43.90634,-69.933986,#955CB9
MATHER AIR FORCE BASE (AC&W DISPOSAL SITE),164,38.55695,-121.2972,#955CB9
"CHEMICAL LEAMAN TANK LINES, INC.",161,39.798331,-75.332781,#955CB9
FEDERAL AVIATION ADMINISTRATION TECHNICAL CENTER (USDOT),161,39.458331,-74.583339,#955CB9
LAKE CITY ARMY AMMUNITION PLANT (NORTHWEST LAGOON),161,39.103,-94.2783,#955CB9
WHITEHOUSE OIL PITS,160,30.3201,-81.8513,#955CB9
"FACET ENTERPRISES, INC.",159,42.1325,-76.829169,#955CB9
HANFORD 100-AREA (USDOE),159,46.7011,-119.4829,#955CB9
WESTERN SAND & GRAVEL,159,41.9727,-71.595,#955CB9
"BENFIELD INDUSTRIES, INC.",158,35.477781,-83.004169,#955CB9
NEWPORT NAVAL EDUCATION & TRAINING CENTER,158,41.56445,-71.293469,#955CB9
PJP LANDFILL,157,40.734719,-74.085561,#955CB9
"AMERICAN CREOSOTE WORKS, INC. (PENSACOLA PLANT)",156,30.404719,-87.236661,#955CB9
DAVISVILLE NAVAL CONSTRUCTION BATTALION CENTER,156,41.6095,-71.47422,#955CB9
"PETERSON/PURITAN, INC.",155,41.929581,-71.4268,#955CB9
SINCLAIR REFINERY,155,42.1088,-77.9416,#955CB9
NEW LYME LANDFILL,154,41.584719,-80.729161,#955CB9
WELLS G&H,154,42.494719,-71.130839,#955CB9
ST. JULIENS CREEK ANNEX (U.S. NAVY),153,36.794167,-76.312222,#955CB9
EIELSON AIR FORCE BASE,149,64.67145,-147.0492,#955CB9
LONGHORN ARMY AMMUNITION PLANT,149,32.665,-94.123339,#955CB9
FOREST WASTE PRODUCTS,148,43.198331,-83.545831,#955CB9
HILL AIR FORCE BASE,148,41.128547,-111.990643,#955CB9
ENDICOTT VILLAGE WELL FIELD,147,42.086111,-76.086111,#955CB9
OLEAN WELL FIELD,146,42.069439,-78.404719,#955CB9
NAVAL WEAPONS STATION - YORKTOWN,144,37.245833,-76.588889,#955CB9
NOVAK SANITARY LANDFILL,144,40.6332,-75.5611,#955CB9
SOLVENTS RECOVERY SERVICE OF NEW ENGLAND,144,41.6196,-72.878,#955CB9
TRACY DEFENSE DEPOT (USARMY),144,37.715281,-121.3911,#955CB9
JACKSONVILLE NAVAL AIR STATION,142,30.22111,-81.682777,#955CB9
ZELLWOOD GROUND WATER CONTAMINATION,142,28.73195,-81.613331,#955CB9
ROEBLING STEEL CO.,141,40.120831,-74.770839,#955CB9
LAWRENCE LIVERMORE NATL LAB (SITE 300) (USDOE),140,37.644306,-121.576667,#955CB9
GRIFFISS AIR FORCE BASE (11 AREAS),139,43.233331,-75.416661,#955CB9
HELENA CHEMICAL CO. (TAMPA PLANT),139,27.963931,-82.374813,#955CB9
HENDERSON ROAD,139,40.086939,-75.35555,#955CB9
"NAVAL AIR STATION, WHIDBEY ISLAND (AULT FIELD)",139,48.344219,-122.6637,#955CB9
POWELL ROAD LANDFILL,139,39.833331,-84.16,#955CB9
ANDERSEN AIR FORCE BASE,137,13.572916,144.897361,#955CB9
CASTLE AIR FORCE BASE (6 AREAS),137,37.367361,-120.5636,#955CB9
"KOPPERS CO., INC. (NEWPORT PLANT)",136,39.704719,-75.624169,#955CB9
MILL CREEK DUMP,135,42.093331,-80.152781,#955CB9
ATLAS TACK CORP.,134,41.635561,-70.89445,#955CB9
PICILLO FARM,134,41.671669,-71.709169,#955CB9
FORT EUSTIS (US ARMY),133,37.105,-76.568332,#955CB9
LAKE SANDY JO (M&M LANDFILL),133,41.570839,-87.382231,#955CB9
ABERDEEN PESTICIDE DUMPS,131,35.1384,-79.4472,#955CB9
FORT WAINWRIGHT,131,64.823,-147.6106,#955CB9
"H. BROWN CO., INC.",131,43.003331,-85.678339,#955CB9
T.H. AGRICULTURE & NUTRITION CO. (MONTGOMERY PLANT),131,32.3761,-86.3791,#955CB9
"CHEMTRONICS, INC.",130,35.625,-82.434719,#955CB9
SPIEGELBERG LANDFILL,130,42.454169,-83.772219,#955CB9
"ALLIED PAPER, INC./PORTAGE CREEK/KALAMAZOO RIVER",129,42.303333,-85.576083,#955CB9
HANFORD 300-AREA (USDOE),128,46.3703,-119.2752,#955CB9
HELEN KRAMER LANDFILL,128,39.7801,-75.2003,#955CB9
SALEM ACRES,128,42.503,-70.9313,#955CB9
BUNKER HILL MINING & METALLURGICAL COMPLEX,127,47.543061,-116.1617,#955CB9
NIAGARA MOHAWK POWER CORP. (SARATOGA SPRINGS PLANT),127,43.09,-73.776111,#955CB9
ABERDEEN PROVING GROUND (MICHAELSVILLE LANDFILL),126,39.4606,-76.1414,#955CB9
LONE PINE LANDFILL,126,40.202781,-74.333339,#955CB9
NORFOLK NAVAL BASE (SEWELLS POINT NAVAL COMPLEX),126,36.940278,-76.300278,#955CB9
SAVANNA ARMY DEPOT ACTIVITY,126,42.21,-90.313331,#955CB9
LANGLEY AIR FORCE BASE/NASA LANGLEY RESEARCH CENTER,125,37.069999,-76.358611,#955CB9
BELOIT CORP.,124,42.468611,-89.06555,#955CB9
"PRISTINE, INC.",124,39.236111,-84.437231,#955CB9
TRAVIS AIR FORCE BASE,123,38.26445,-121.9332,#955CB9
HOOKER CHEMICAL & PLASTICS CORP./RUCO POLYMER CORP.,121,40.7575,-73.504169,#955CB9
SPARTAN CHEMICAL CO.,121,42.915831,-85.727781,#955CB9
PEAK OIL CO./BAY DRUM CO.,119,27.9708,-82.3404,#955CB9
PINE STREET CANAL,119,44.466669,-73.218061,#955CB9
ASHLAND/NORTHERN STATES POWER LAKEFRONT,118,46.595972,-90.883333,#955CB9
PICATINNY ARSENAL (USARMY),118,40.916669,-74.583339,#955CB9
FORT ORD,117,36.625,-121.75,#955CB9
MIDWEST MANUFACTURING/NORTH FARM,117,41.746811,-92.893061,#955CB9
"PURITY OIL SALES, INC.",117,36.6874,-119.7467,#955CB9
SHARON STEEL CORP (FARRELL WORKS DISPOSAL AREA),116,41.198611,-80.510278,#955CB9
PATUXENT RIVER NAVAL AIR STATION,114,38.270694,-76.419444,#955CB9
STAUFFER CHEMICAL CO (TAMPA),113,27.963056,-82.370556,#955CB9
SUMMITVILLE MINE,113,37.423917,-106.598491,#955CB9
INDIAN BEND WASH AREA,112,33.466669,-111.9083,#955CB9
SAND CREEK INDUSTRIAL,112,39.788216,-104.924898,#955CB9
"SAND, GRAVEL AND STONE",112,39.615281,-75.896389,#955CB9
"TANSITOR ELECTRONICS, INC.",112,42.877781,-73.266669,#955CB9
AEROJET GENERAL CORP.,111,38.608331,-121.2,#955CB9
BRICK TOWNSHIP LANDFILL,110,40.1098,-74.1311,#955CB9
CLAREMONT POLYCHEMICAL,110,40.7576,-73.4432,#955CB9
DRAKE CHEMICAL,110,41.129169,-77.443611,#955CB9
NORTH SANITARY LANDFILL,110,39.78611,-84.1525,#955CB9
USN AIR STATION CECIL FIELD,110,30.23861,-81.902777,#955CB9
AMERICAN LAKE GARDENS/MCCHORD AFB,109,47.125,-122.5267,#955CB9
"COMMENCEMENT BAY, NEAR SHORE/TIDE FLATS",109,47.266667,-122.416667,#955CB9
EL TORO MARINE CORPS AIR STATION,109,33.676669,-117.7176,#955CB9
HERTEL LANDFILL,109,41.688061,-74.038889,#955CB9
LETTERKENNY ARMY DEPOT (SE AREA),109,39.9957,-77.6444,#955CB9
NAVAL AIR DEVELOPMENT CENTER (8 WASTE AREAS),109,40.1996,-75.0642,#955CB9
FOREST GLEN MOBILE HOME SUBDIVISION,108,43.1127,-78.9995,#955CB9
KOHLER CO. LANDFILL,108,43.7375,-87.763889,#955CB9
MOFFETT FIELD NAVAL AIR STATION,107,37.411389,-122.0522,#955CB9
OLD SOUTHINGTON LANDFILL,107,41.579169,-72.881939,#955CB9
"FLORENCE LAND RECONTOURING, INC., LANDFILL",106,40.069439,-74.773611,#955CB9
HANSCOM FIELD/HANSCOM AIR FORCE BASE,106,42.470666,-71.289444,#955CB9
KERR-MCGEE CHEMICAL CORP - JACKSONVILLE,105,30.3442,-81.6265,#955CB9
OTT/STORY/CORDOVA CHEMICAL CO.,105,43.303331,-86.256669,#955CB9
BAIRD & MCGUIRE,104,42.149719,-71.028611,#955CB9
LIPARI LANDFILL,104,39.720281,-75.141939,#955CB9
SMITH'S FARM,104,38.0375,-85.733331,#955CB9
CABOT/KOPPERS,102,29.675,-82.323061,#955CB9
DEFENSE GENERAL SUPPLY CENTER (DLA),102,37.4189,-77.4485,#955CB9
CARROLL & DUBIES SEWAGE DISPOSAL,101,41.3942,-74.6681,#955CB9
HATHEWAY & PATTERSON,101,42.038194,-71.2225,#955CB9
ELLSWORTH AIR FORCE BASE,100,44.151681,-103.093332,#N/A
NEW BRIGHTON/ARDEN HILLS/TCAAP (USARMY),100,45.079169,-93.1975,#N/A
ROSEN BROTHERS SCRAP YARD/DUMP,100,42.591669,-76.175281,#N/A
ALLEGANY BALLISTICS LABORATORY (USNAVY),99,39.560972,-78.843611,#9C66C0
FULTZ LANDFILL,99,39.984719,-81.541661,#9C66C0
GULF COAST VACUUM SERVICES,99,29.9581,-92.1857,#9C66C0
US NASA MARSHALL SPACE FLIGHT CENTER,99,NA,NA,#9C66C0
"ARROWHEAD ASSOCIATES, INC./SCOVILL CORP.",98,38.086669,-76.791111,#9C66C0
BRODERICK WOOD PRODUCTS,98,39.803684,-104.998554,#9C66C0
EDWARDS AIR FORCE BASE,98,34.949439,-117.8857,#9C66C0
ELMENDORF AIR FORCE BASE,98,61.254169,-149.7917,#9C66C0
MW MANUFACTURING,98,40.99,-76.641669,#9C66C0
QUEEN CITY FARMS,98,47.45,-122.0417,#9C66C0
LCP CHEMICALS INC.,97,40.6075,-74.210278,#9C66C0
PADUCAH GASEOUS DIFFUSION PLANT (USDOE),96,37.120138,-88.811111,#9C66C0
PORT WASHINGTON LANDFILL,96,40.81805,-73.666661,#9C66C0
LEWISBURG DUMP,95,35.481389,-86.784161,#9C66C0
REILLY TAR & CHEMICAL CORP. (INDIANAPOLIS PLANT),95,39.740281,-86.218331,#9C66C0
"RENTOKIL, INC. (VIRGINIA WOOD PRESERVING DIVISION)",95,37.635831,-77.503611,#9C66C0
SILVER BOW CREEK/BUTTE AREA,95,46.002307,-112.61698,#9C66C0
"SPECTRON, INC.",95,39.691249,-75.877778,#9C66C0
TOWER CHEMICAL CO.,95,28.551389,-81.684719,#9C66C0
KEYSTONE SANITATION LANDFILL,94,39.72445,-77.036111,#9C66C0
MATHIS BROTHERS LANDFILL (SOUTH MARBLE TOP ROAD),94,34.797781,-85.377781,#9C66C0
INDUSTRIAL LATEX CORP.,93,40.8536,-74.0991,#9C66C0
"KOPPERS CO., INC. (TEXARKANA PLANT)",93,33.416669,-94.065,#9C66C0
GLOBAL SANITARY LANDFILL,92,40.446389,-74.286111,#9C66C0
ROSE HILL REGIONAL LANDFILL,92,41.470831,-71.491669,#9C66C0
CENTREDALE MANOR RESTORATION PROJECT,91,41.857667,-71.48725,#9C66C0
MAXEY FLATS NUCLEAR DISPOSAL,91,38.2608,-83.5692,#9C66C0
PSC RESOURCES,91,42.153331,-72.330281,#9C66C0
UMATILLA ARMY DEPOT (LAGOONS),91,45.836111,-119.45,#9C66C0
HAGEN FARM,90,42.9089,-89.1832,#9C66C0
PUGET SOUND NAVAL SHIPYARD COMPLEX,90,47.559166,-122.647222,#9C66C0
CALIFORNIA GULCH,89,39.231279,-106.295522,#9C66C0
LIBBY GROUND WATER CONTAMINATION,89,48.381158,-115.539627,#9C66C0
MIG/DEWANE LANDFILL,89,42.255917,-88.806944,#9C66C0
"OPERATING INDUSTRIES, INC., LANDFILL",89,34.033333,-118.105556,#9C66C0
"SANITARY LANDFILL CO. (INDUSTRIAL WASTE DISPOSAL CO., INC.)",89,39.716581,-84.201531,#9C66C0
WRIGHT-PATTERSON AIR FORCE BASE,88,39.8071,-84.0697,#9C66C0
CAROLINA TRANSFORMER CO.,87,35.063331,-78.845,#9C66C0
HARBOR ISLAND (LEAD),87,47.5794,-122.3522,#9C66C0
PARRIS ISLAND MARINE CORPS RECRUIT DEPOT,87,32.3528,-80.7031,#9C66C0
"COMMENCEMENT BAY, SOUTH TACOMA CHANNEL",86,47.229439,-122.4714,#9C66C0
DUPAGE COUNTY LANDFILL/BLACKWELL FOREST PRESERVE,86,41.8326,-88.1787,#9C66C0
JOHNSTOWN CITY LANDFILL,86,43.043061,-74.393061,#9C66C0
NORTH CAVALCADE STREET,86,29.806669,-95.349169,#9C66C0
"STANDARD CHLORINE OF DELAWARE, INC.",86,39.599581,-75.635831,#9C66C0
WYCKOFF CO./EAGLE HARBOR,85,47.621669,-122.5167,#9C66C0
BYPASS 601 GROUND WATER CONTAMINATION,84,35.4096,-80.6093,#9C66C0
CHEROKEE COUNTY,84,37.079653,-94.724186,#9C66C0
HART CREOSOTING COMPANY,84,30.893611,-93.995278,#9C66C0
WOODBURY CHEMICAL CO.,84,39.795025,-104.945326,#9C66C0
ALLIED CHEMICAL & IRONTON COKE,83,38.5057,-82.658,#9C66C0
LABORATORY FOR ENERGY-RELATED HEALTH RESEARCH/OLD CAMPUS LANDFILL (USDOE),83,38.51875,-121.75125,#9C66C0
BRANTLEY LANDFILL,82,37.44625,-87.156111,#9C66C0
KENTUCKY AVENUE WELL FIELD,82,42.145831,-76.828331,#9C66C0
KING OF PRUSSIA,82,39.62695,-74.889439,#9C66C0
ROBINS AIR FORCE BASE (LANDFILL #4/SLUDGE LAGOON),82,32.619983,-83.582075,#9C66C0
"WASTE DISPOSAL, INC.",82,33.95,-118.055,#9C66C0
NAVAL UNDERSEA WARFARE ENGINEERING STATION (4 WASTE AREAS),81,47.6946,-122.622,#9C66C0
SAVAGE MUNICIPAL WATER SUPPLY,81,42.8418,-71.6884,#9C66C0
DOUBLE EAGLE REFINERY CO.,80,35.468331,-97.478331,#N/A
POLLUTION ABATEMENT SERVICES,80,43.47,-76.483331,#N/A
"SANGAMO WESTON, INC./TWELVE-MILE CREEK/LAKE HARTWELL PCB CONTAMINATION",80,34.895,-82.7232,#N/A
SOUTH 8TH STREET LANDFILL,80,35.124444,-90.169444,#N/A
WELDON SPRING QUARRY/PLANT/PITS (USDOE/ARMY),80,38.696944,-90.724999,#N/A
GARLAND CREOSOTING,79,32.442272,-94.710903,#A470C7
"WOOLFOLK CHEMICAL WORKS, INC.",79,32.549581,-83.884161,#A470C7
NAVAL AMPHIBIOUS BASE LITTLE CREEK,78,36.906111,-76.147778,#A470C7
BOG CREEK FARM,77,40.150831,-74.161111,#A470C7
GALLUP'S QUARRY,77,41.665281,-71.924161,#A470C7
JADCO-HUGHES FACILITY,77,35.275831,-81.041111,#A470C7
"MATTIACE PETROCHEMICAL CO., INC.",77,40.8608,-73.6432,#A470C7
"PARA-CHEM SOUTHERN, INC.",77,34.7134,-82.233,#A470C7
"TRI-CITIES BARREL CO., INC.",77,42.15805,-75.811939,#A470C7
CHARLES GEORGE RECLAMATION TRUST LANDFILL,76,42.66945,-71.443339,#A470C7
JASCO CHEMICAL CORP.,76,37.3988,-122.0882,#A470C7
LIMESTONE ROAD,76,39.626389,-78.722219,#A470C7
MID-SOUTH WOOD PRODUCTS,76,34.5697,-94.2566,#A470C7
PEARL HARBOR NAVAL COMPLEX,76,21.388889,-157.983333,#A470C7
SWOPE OIL & CHEMICAL CO.,76,39.9886,-75.0347,#A470C7
WARWICK LANDFILL,76,41.238889,-74.27,#A470C7
CAMP PENDLETON MARINE CORPS BASE,75,33.306669,-117.3408,#A470C7
DAVIS (GSR) LANDFILL,74,41.917469,-71.588111,#A470C7
HELENA CHEMICAL CO. LANDFILL,74,32.9412,-81.239,#A470C7
"KOPPERS CO., INC. (OROVILLE PLANT)",74,39.470831,-121.5643,#A470C7
SIDNEY LANDFILL,74,42.2577,-75.243,#A470C7
SUTTON BROOK DISPOSAL AREA,74,42.598222,-71.183194,#A470C7
TAR LAKE,74,44.8866,-85.073,#A470C7
COAKLEY LANDFILL,73,43.001111,-70.817219,#A470C7
EASTERN DIVERSIFIED METALS,73,40.829439,-75.9975,#A470C7
ELLISVILLE SITE,73,38.603331,-90.618331,#A470C7
MILAN ARMY AMMUNITION PLANT,73,35.867781,-88.696111,#A470C7
"RAYMARK INDUSTRIES, INC.",73,41.201278,-73.117222,#A470C7
SHARPE ARMY DEPOT,73,37.829169,-121.2672,#A470C7
HANFORD 200-AREA (USDOE),72,46.563331,-119.6049,#A470C7
ANDREWS AIR FORCE BASE,71,38.791667,-76.875,#A470C7
HOOKER (102ND STREET),71,43.070281,-78.942219,#A470C7
"LAKELAND DISPOSAL SERVICE, INC.",71,41.1475,-85.917219,#A470C7
SHAW AVENUE DUMP,71,43.0563,-92.6631,#A470C7
BURGESS BROTHERS LANDFILL,70,42.878061,-73.150139,#A470C7
ELECTROVOICE,70,41.8206,-86.3545,#A470C7
SYNCON RESINS,70,40.737781,-74.114719,#A470C7
"ATLANTIC WOOD INDUSTRIES, INC.",69,36.8065,-76.299,#A470C7
FORT LEWIS LOGISTICS CENTER,69,47.1142,-122.5365,#A470C7
INDIAN HEAD NAVAL SURFACE WARFARE CENTER,69,38.591389,-77.174306,#A470C7
JUNCOS LANDFILL,69,18.2232,-65.9087,#A470C7
NATIONAL STARCH & CHEMICAL CORP.,69,35.6322,-80.5412,#A470C7
SKINNER LANDFILL,69,39.333331,-84.399719,#A470C7
HERCULES 009 LANDFILL,68,31.2049,-81.4858,#A470C7
KENTWOOD LANDFILL,68,42.8738,-85.5906,#A470C7
STANDARD CHLORINE,68,40.75,-74.097222,#A470C7
AMOCO CHEMICALS (JOLIET LANDFILL),67,41.441669,-88.172781,#A470C7
POTTER'S SEPTIC TANK SERVICE PITS,67,34.2846,-78.1578,#A470C7
"WESTERN PROCESSING CO., INC.",67,47.425,-122.2417,#A470C7
"ANODYNE, INC.",66,25.923189,-80.221531,#A470C7
SANGAMO ELECTRIC DUMP/CRAB ORCHARD NATIONAL WILDLIFE REFUGE (USDOI),66,37.693194,-89.014722,#A470C7
SHERWOOD MEDICAL INDUSTRIES,66,29.060831,-81.265,#A470C7
T.H. AGRICULTURE & NUTRITION CO. (ALBANY PLANT),66,31.617361,-84.181661,#A470C7
"A & F MATERIAL RECLAIMING, INC.",65,39.2439,-88.174,#A470C7
ALABAMA ARMY AMMUNITION PLANT,65,33.3381,-86.3268,#A470C7
ANACONDA CO. SMELTER,65,46.133576,-112.845493,#A470C7
"CENTRAL CITY, CLEAR CREEK",65,39.77182,-105.51817,#A470C7
LASKIN/POPLAR OIL CO.,65,41.7436,-80.7815,#A470C7
MALTA ROCKET FUEL AREA,65,42.963889,-73.758331,#A470C7
METALTEC/AEROSYSTEMS,65,41.109719,-74.599719,#A470C7
PEMACO MAYWOOD,65,33.985417,-118.17125,#A470C7
SIKES DISPOSAL PITS,65,29.881669,-95.086669,#A470C7
"ACME SOLVENT RECLAIMING, INC. (MORRISTOWN PLANT)",64,42.1577,-89.0455,#A470C7
"AMERICAN CHEMICAL SERVICE, INC.",64,41.5142,-87.4191,#A470C7
DORNEY ROAD LANDFILL,64,40.527781,-75.654169,#A470C7
EASTERN MICHAUD FLATS CONTAMINATION,64,42.901111,-112.5225,#A470C7
"IMPERIAL OIL CO., INC./CHAMPION CHEMICALS",64,40.383889,-74.245831,#A470C7
MONTANA POLE AND TREATING,64,45.99134,-112.548242,#A470C7
BEEDE WASTE OIL,63,42.855075,-71.105889,#A470C7
CENTRAL LANDFILL,63,41.808331,-71.534719,#A470C7
FORT GEORGE G. MEADE,63,39.083333,-76.715278,#A470C7
GENZALE PLATING CO.,63,40.7153,-73.6777,#A470C7
MEMPHIS DEFENSE DEPOT (DLA),63,35.093333,-90.003333,#A470C7
NORWOOD PCBS,63,42.180831,-71.1925,#A470C7
WILLIAM DICK LAGOONS,63,40.041939,-75.898061,#A470C7
"BRESLUBE-PENN, INC.",62,40.501389,-80.146389,#A470C7
CHEMICAL RECOVERY SYSTEMS,62,NA,NA,#A470C7
EWAN PROPERTY,62,39.802781,-74.719439,#A470C7
F.E. WARREN AIR FORCE BASE,62,41.152742,-104.862334,#A470C7
FLETCHER'S PAINT WORKS & STORAGE,62,42.8358,-71.6554,#A470C7
FORD RD IND LDFL,62,NA,NA,#A470C7
JASPER CREOSOTING COMPANY INC.,62,30.933889,-93.9825,#A470C7
LETTERKENNY ARMY DEPOT (PDO AREA),62,40.0075,-77.64,#A470C7
NORTON AIR FORCE BASE (LNDFLL #2),62,34.098061,-117.2372,#A470C7
PIONEER SAND CO.,62,30.474169,-87.351389,#A470C7
SCIENTIFIC CHEMICAL PROCESSING,62,40.82454,-74.074329,#A470C7
STAUFFER CHEMICAL CO. (TARPON SPRINGS),62,28.166666,-82.775694,#A470C7
TELEDYNE WAH CHANG,62,44.66,-123.0633,#A470C7
CIBA-GEIGY CORP.,61,39.9867,-74.2363,#A470C7
KRYSOWATY FARM,61,40.500281,-74.78,#A470C7
"UNION CHEMICAL CO., INC.",61,44.21444,-69.189027,#A470C7
VELSICOL CHEMICAL CORP. (MARSHALL PLANT),61,39.410831,-87.699169,#A470C7
CIBA-GEIGY CORP. (MCINTOSH PLANT),60,31.279,-87.9955,#N/A
CLARE WATER SUPPLY,60,43.815,-84.7625,#N/A
ESCAMBIA WOOD - PENSACOLA,60,30.4553,-87.2317,#N/A
MARZONE INC./CHEVRON CHEMICAL CO.,60,31.4289,-83.5017,#N/A
OLD INGER OIL REFINERY,60,30.1647,-90.9955,#N/A
"RIVER ROAD LANDFILL (WASTE MANAGEMENT, INC.)",60,41.266669,-80.4875,#N/A
SULLIVAN'S LEDGE,60,41.654719,-70.957219,#N/A
TIBBETTS ROAD,60,43.18,-71.0347,#N/A
CALDWELL TRUCKING CO.,59,40.876389,-74.271389,#AB79CE
COKER'S SANITATION SERVICE LANDFILLS,59,39.227219,-75.611389,#AB79CE
COSDEN CHEMICAL COATINGS CORP.,59,40.058183,-74.925899,#AB79CE
H.O.D. LANDFILL,59,42.4753,-88.0819,#AB79CE
MCCORMICK & BAXTER CREOSOTING CO. (PORTLAND PLANT),59,45.579443,-122.73944,#AB79CE
O'CONNOR CO.,59,44.301916,-69.736944,#AB79CE
VAN DALE JUNKYARD,59,39.43195,-81.4025,#AB79CE
BASIN MINING AREA,58,46.345479,-112.272079,#AB79CE
BELVIDERE MUNICIPAL LANDFILL,58,42.2643,-88.8723,#AB79CE
"FCX, INC. (STATESVILLE PLANT)",58,35.7865,-80.9163,#AB79CE
FIRST PIEDMONT CORP. ROCK QUARRY (ROUTE 719),58,36.665831,-79.348611,#AB79CE
RSR CORPORATION,58,32.776944,-96.8725,#AB79CE
IOWA ARMY AMMUNITION PLANT,57,40.808331,-91.246669,#AB79CE
"LEONARD CHEMICAL CO., INC.",57,34.851669,-80.904169,#AB79CE
"N.W. MAUTHE CO., INC.",57,44.25555,-88.43,#AB79CE
OGDEN DEFENSE DEPOT (DLA),57,41.259092,-111.999567,#AB79CE
PESTER REFINERY CO.,57,37.839364,-96.857611,#AB79CE
"STAMINA MILLS, INC.",57,41.9964,-71.5647,#AB79CE
TUCSON INTERNATIONAL AIRPORT AREA,57,32.105561,-110.9333,#AB79CE
WITCO CHEMICAL CORP. (OAKLAND PLANT),57,41.00375,-74.24375,#AB79CE
CENTRE COUNTY KEPONE,56,40.823611,-77.808331,#AB79CE
ENVIROCHEM CORP.,56,40.03,-86.278339,#AB79CE
GCL TIE AND TREATING INC.,56,42.300555,-75.413333,#AB79CE
MIDVALE SLAG,56,40.62154,-111.916014,#AB79CE
OCCIDENTAL CHEMICAL CORP./FIRESTONE TIRE & RUBBER CO.,56,40.232081,-75.614169,#AB79CE
PFOHL BROTHERS LANDFILL,56,42.943889,-78.7025,#AB79CE
SAEGERTOWN INDUSTRIAL AREA,56,41.71884,-80.142972,#AB79CE
VELSICOL CHEMICAL CORP. (HARDEMAN COUNTY),56,35.381939,-88.926389,#AB79CE
BANGOR NAVAL SUBMARINE BASE,55,47.699,-122.7131,#AB79CE
DAYCO CORP./L.E CARPENTER CO.,55,40.903331,-74.5775,#AB79CE
DOUGLASSVILLE DISPOSAL,55,40.2575,-75.735281,#AB79CE
FIRESTONE TIRE & RUBBER CO. (ALBANY PLANT),55,31.565831,-84.053889,#AB79CE
HOCOMONCO POND,55,42.272781,-71.650831,#AB79CE
MCADOO ASSOCIATES,55,40.878331,-76.001389,#AB79CE
"NEWSOM BROTHERS/OLD REICHHOLD CHEMICALS, INC.",55,31.244719,-89.826939,#AB79CE
NORTH BRONSON INDUSTRIAL AREA,55,41.880281,-85.193339,#AB79CE
"NORTHSIDE SANITARY LANDFILL, INC",55,40.028331,-86.273331,#AB79CE
"BOFORS NOBEL, INC.",54,43.209364,-86.11746,#AB79CE
CLEVE REBER,54,30.155,-90.873339,#AB79CE
FEDERAL CREOSOTE,54,40.544444,-74.584167,#AB79CE
J.H. BAXTER & CO.,54,41.4364,-122.3707,#AB79CE
MALONE SERVICE CO - SWAN LAKE PLANT,54,29.333056,-94.902778,#AB79CE
MASON CITY COAL GASIFICATION PLANT,54,43.1476,-93.1992,#AB79CE
"BIOCLINICAL LABORATORIES, INC.",53,40.783331,-73.110281,#AB79CE
BYRON SALVAGE YARD,53,42.081667,-89.295833,#AB79CE
MARINE CORPS COMBAT DEVELOPMENT COMMAND,53,38.521667,-77.29,#AB79CE
ROSE TOWNSHIP DUMP,53,42.720831,-83.631939,#AB79CE
WHITE CHEMICAL CORP.,53,40.698484,-74.198242,#AB79CE
BLOSENSKI LANDFILL,52,40.02,-75.91055,#AB79CE
GROVELAND WELLS,52,42.753331,-71.038889,#AB79CE
MARION PRESSURE TREATING,52,32.908333,-92.252944,#AB79CE
TENNESSEE PRODUCTS,52,34.998889,-85.314444,#AB79CE
EMMELL'S SEPTIC LANDFILL,51,39.500694,-74.543611,#AB79CE
GRAND TRAVERSE OVERALL SUPPLY CO.,51,44.7944,-85.6382,#AB79CE
GREENWOOD CHEMICAL CO.,51,38.044719,-78.786389,#AB79CE
KEEFE ENVIRONMENTAL SERVICES (KES),51,43.024169,-71.033331,#AB79CE
MOSLEY ROAD SANITARY LANDFILL,51,35.5025,-97.414861,#AB79CE
"ROBINTECH, INC./NATIONAL PIPE CO.",51,42.1049,-75.9922,#AB79CE
ROUTE 940 DRUM DUMP,51,41.1105,-75.3825,#AB79CE
SACRAMENTO ARMY DEPOT,51,38.520281,-121.3958,#AB79CE
SOUTHEAST ROCKFORD GROUND WATER CONTAMINATION,51,42.230689,-89.071111,#AB79CE
"THERMO-CHEM, INC.",51,43.210831,-86.136669,#AB79CE
TYSONS DUMP,51,40.111389,-75.362781,#AB79CE
A. O. POLYMER,50,41.04805,-74.63,#AB79CE
BEACON HEIGHTS LANDFILL,50,41.43195,-73.035281,#AB79CE
BOUNTIFUL/WOODS CROSS 5TH S. PCE PLUME,50,40.887689,-111.904342,#AB79CE
FOURTH STREET ABANDONED REFINERY,50,35.470278,-97.473056,#AB79CE
"HARVEY & KNOTT DRUM, INC.",50,39.573331,-75.770839,#AB79CE
LINEMASTER SWITCH CORP.,50,41.940561,-71.966939,#AB79CE
LOUISIANA ARMY AMMUNITION PLANT,50,32.5422,-93.421,#AB79CE
MARCH AIR FORCE BASE,50,33.906389,-117.2557,#AB79CE
ONALASKA MUNICIPAL LANDFILL,50,43.9573,-91.3382,#AB79CE
RED PENN SANITATION CO. LANDFILL,50,38.2881,-85.4654,#AB79CE
"RENORA, INC.",50,40.519628,-74.358889,#AB79CE
YAKIMA PLATING CO.,50,46.5723,-120.5089,#AB79CE
"AVTEX FIBERS, INC.",49,38.925561,-78.211669,#AB79CE
JACKSONVILLE ASH SITE,49,NA,NA,#AB79CE
LOWER DUWAMISH WATERWAY,49,47.510081,-122.29285,#AB79CE
MADISON METROPOLITAN SEWERAGE DISTRICT LAGOONS,49,43.034311,-89.346281,#AB79CE
"MOSS-AMERICAN CO., INC. (KERR-MCGEE OIL CO.)",49,43.1772,-88.0417,#AB79CE
MOUNTAIN HOME AIR FORCE BASE,49,43.04805,-115.8647,#AB79CE
ROGERS ROAD MUNICIPAL LANDFILL,49,34.8627,-92.0778,#AB79CE
TEX-TIN CORP.,49,29.356667,-94.941667,#AB79CE
TOBYHANNA ARMY DEPOT,49,41.19305,-75.419439,#AB79CE
BUCKEYE RECLAMATION,48,40.047219,-80.841669,#AB79CE
"CRATER RESOURCES, INC./KEYSTONE COKE CO./ALAN WOOD STEEL CO.",48,40.081667,-75.3425,#AB79CE
DIAMOND HEAD OIL REFINERY DIV.,48,40.747222,-74.132194,#AB79CE
GOLDEN STRIP SEPTIC TANK SERVICE,48,34.785,-82.2466,#AB79CE
LANG PROPERTY,48,39.929161,-74.49445,#AB79CE
MCKIN CO.,48,43.8841,-70.2942,#AB79CE
"NATIONAL PRESTO INDUSTRIES, INC.",48,44.8601,-91.452,#AB79CE
QUANTA RESOURCES,48,40.804306,-73.989167,#AB79CE
ROCKAWAY TOWNSHIP WELLS,48,40.913331,-74.499169,#AB79CE
SONFORD PRODUCTS,48,32.29251,-90.14222,#AB79CE
ALSCO ANACONDA,47,40.361111,-81.440831,#AB79CE
CHEM-FAB,47,40.315958,-75.136003,#AB79CE
HELEVA LANDFILL,47,40.670831,-75.5625,#AB79CE
OTTATI & GOSS/KINGSTON STEEL DRUM,47,42.897219,-71.080561,#AB79CE
PEOPLES NATURAL GAS CO.,47,42.505281,-90.658889,#AB79CE
"RE-SOLVE, INC.",47,41.688061,-71.033889,#AB79CE
UNION PACIFIC RAILROAD CO.,47,42.8954,-112.4876,#AB79CE
BAXTER/UNION PACIFIC TIE TREATING,46,41.295174,-105.603235,#AB79CE
BRIDGEPORT RENTAL & OIL SERVICES,46,39.801669,-75.321661,#AB79CE
BYRON BARREL & DRUM,46,43.1191,-78.1103,#AB79CE
MONOLITHIC MEMORIES,46,37.3816,-121.9968,#AB79CE
STRINGFELLOW,46,34.023056,-117.45833,#AB79CE
CAL WEST METALS (USSBA),45,34.163331,-106.9201,#AB79CE
CENTRAL ILLINOIS PUBLIC SERVICE CO.,45,39.5404,-89.2975,#AB79CE
ELLIS PROPERTY,45,39.905,-74.864719,#AB79CE
JACKSON STEEL,45,40.738806,-73.652694,#AB79CE
MEDLEY FARM DRUM DUMP,45,34.9805,-81.6685,#AB79CE
"NORTH CAROLINA STATE UNIVERSITY (LOT 86, FARM UNIT #1)",45,35.801816,-78.713588,#AB79CE
REYNOLDS METALS COMPANY,45,45.5569,-122.399161,#AB79CE
SANFORD GASIFICATION PLANT,45,NA,NA,#AB79CE
SOUTH MUNICIPAL WATER SUPPLY WELL,45,42.8489,-71.9468,#AB79CE
BELL LANDFILL,44,41.633061,-76.389169,#AB79CE
FRIED INDUSTRIES,44,40.4424,-74.4412,#AB79CE
GEIGER (C & M OIL),44,32.773611,-80.159161,#AB79CE
LAKE CALUMET CLUSTER,44,41.679444,-87.568889,#AB79CE
LAVA CAP MINE,44,39.228056,-120.969861,#AB79CE
MACGILLIS & GIBBS CO./BELL LUMBER & POLE CO.,44,45.055,-93.194731,#AB79CE
MADISON COUNTY MINES,44,37.546111,-90.276111,#AB79CE
MARINE CORPS LOGISTICS BASE,44,31.557219,-84.055,#AB79CE
MATTHIESSEN AND HEGELER ZINC COMPANY,44,41.34215,-89.083067,#AB79CE
MIDCO I,44,41.5895,-87.4284,#AB79CE
PORTSMOUTH NAVAL SHIPYARD,44,43.084167,-70.741666,#AB79CE
"W.R. GRACE & CO., INC. (ACTON PLANT)",44,42.45055,-71.427781,#AB79CE
"AMERICAN CREOSOTE WORKS, INC. (WINNFIELD PLANT)",43,31.918611,-92.634722,#AB79CE
CHEVRON QUESTA MINE,43,36.700294,-105.497706,#AB79CE
CORNELL DUBILIER ELECTRONICS INC.,43,40.576389,-74.414167,#AB79CE
ELY COPPER MINE,43,43.927447,-72.285506,#AB79CE
HIGGINS DISPOSAL,43,40.3875,-74.615281,#AB79CE
INDUSTRIAL EXCESS LANDFILL,43,40.968331,-81.404169,#AB79CE
IONIA CITY LANDFILL,43,42.976669,-85.046111,#AB79CE
MASTER DISPOSAL SERVICE LANDFILL,43,43.092781,-88.163331,#AB79CE
NOCATEE HULL CREOSOTE,43,NA,NA,#AB79CE
RASMUSSEN'S DUMP,43,42.4544,-83.7693,#AB79CE
REEVES SOUTHEASTERN GALVANIZING CORP.,43,27.9725,-82.341939,#AB79CE
"RODALE MANUFACTURING CO., INC.",43,40.531111,-75.493333,#AB79CE
YORK OIL CO.,43,44.8225,-74.5751,#AB79CE
COSHOCTON LANDFILL,42,40.225,-81.848611,#AB79CE
DENVER RADIUM SITE,42,39.716519,-105.005441,#AB79CE
DOVER MUNICIPAL LANDFILL,42,43.2125,-70.953,#AB79CE
FMC CORP. (YAKIMA),42,46.566669,-120.4933,#AB79CE
FOLKERTSMA REFUSE,42,43.001669,-85.703331,#AB79CE
HASSAYAMPA LANDFILL,42,33.368331,-112.7483,#AB79CE
MUSKEGO SANITARY LANDFILL,42,42.8929,-88.1829,#AB79CE
REASOR CHEMICAL COMPANY,42,34.343472,-77.891944,#AB79CE
SHARKEY LANDFILL,42,40.8501,-74.3454,#AB79CE
TINKER AIR FORCE BASE (SOLDIER CREEK/BUILDING 3001),42,35.413973,-97.401494,#AB79CE
WAITE PARK WELLS,42,45.561669,-94.215,#AB79CE
WAUCONDA SAND & GRAVEL,42,42.281389,-88.1375,#AB79CE
BIG D CAMPGROUND,41,41.904169,-80.652781,#AB79CE
BUTTERWORTH #2 LANDFILL,41,42.952219,-85.700281,#AB79CE
BUTZ LANDFILL,41,41.0335,-75.3438,#AB79CE
CEDARTOWN MUNICIPAL LANDFILL,41,34.015969,-85.282639,#AB79CE
CHESHIRE GROUND WATER CONTAMINATION,41,41.5575,-72.910833,#AB79CE
COPPER BASIN MINING DISTRICT,41,NA,NA,#AB79CE
DEL AMO,41,33.846639,-118.289472,#AB79CE
HUDSON REFINERY,41,35.985556,-96.779722,#AB79CE
NATIONAL SEMICONDUCTOR CORP.,41,37.375281,-121.9989,#AB79CE
NORTH SEA MUNICIPAL LANDFILL,41,40.929161,-72.401389,#AB79CE
"OCONOMOWOC ELECTROPLATING CO., INC.",41,43.2141,-88.5221,#AB79CE
ANNISTON ARMY DEPOT (SOUTHEAST INDUSTRIAL AREA),40,33.659439,-85.969439,#N/A
DURHAM MEADOWS,40,41.48111,-72.681388,#N/A
KENNECOTT (SOUTH ZONE),40,NA,NA,#N/A
MONTICELLO MILL TAILINGS (USDOE),40,37.863079,-109.33324,#N/A
OLD BETHPAGE LANDFILL,40,40.756939,-73.447219,#N/A
ORLANDO GASIFICATION PLANT,40,NA,NA,#N/A
SACO TANNERY WASTE PITS,40,43.56055,-70.426389,#N/A
SAPP BATTERY SALVAGE,40,30.728331,-85.3925,#N/A
TONOLLI CORP.,40,40.850561,-75.881111,#N/A
TULALIP LANDFILL,40,48.041667,-122.182222,#N/A
CHEMICAL SALES CO.,39,39.822695,-104.911952,#BA8BDC
CITY DISPOSAL CORP. LANDFILL,39,42.946389,-89.356939,#BA8BDC
CROSSLEY FARM,39,40.435417,-75.620611,#BA8BDC
DES MOINES TCE,39,41.5781,-93.636,#BA8BDC
"FCX, INC. (WASHINGTON PLANT)",39,35.559581,-77.07445,#BA8BDC
ISLIP MUNICIPAL SANITARY LANDFILL,39,40.8178,-73.1829,#BA8BDC
OAK GROVE SANITARY LANDFILL,39,45.317,-93.3317,#BA8BDC
RIVERFRONT,39,38.613889,-91.214722,#BA8BDC
ROSE DISPOSAL PIT,39,42.5055,-73.2748,#BA8BDC
SAFETY LIGHT CORPORATION,39,41.015278,-76.376389,#BA8BDC
UPPER DEERFIELD TOWNSHIP SANITARY LANDFILL,39,39.494169,-75.184719,#BA8BDC
BARSTOW MARINE CORPS LOGISTICS BASE,38,34.878331,-116.9389,#BA8BDC
CELANESE CORP. (SHELBY FIBER OPERATIONS),38,35.208889,-81.528339,#BA8BDC
DIAMOND ALKALI CO.,38,40.739719,-74.136111,#BA8BDC
DUELL & GARDNER LANDFILL,38,43.319439,-86.208339,#BA8BDC
IRON MOUNTAIN MINE,38,40.671669,-122.5278,#BA8BDC
LACKAWANNA REFUSE,38,41.37305,-75.755281,#BA8BDC
M&T DELISA LANDFILL,38,40.229169,-74.045281,#BA8BDC
MUNISPORT LANDFILL,38,25.908331,-80.154169,#BA8BDC
NORTH HOLLYWOOD DUMP,38,35.18555,-89.979161,#BA8BDC
OLIN CORP. (MCINTOSH PLANT),38,31.263889,-87.99445,#BA8BDC
PETROCHEM RECYCLING CORP./EKOTEK PLANT,38,40.80319,-111.917713,#BA8BDC
RED OAK CITY LANDFILL,38,41.036444,-95.249111,#BA8BDC
REFUSE HIDEAWAY LANDFILL,38,43.0992,-89.57727,#BA8BDC
SAND SPRINGS PETROCHEMICAL COMPLEX,38,36.130831,-96.101389,#BA8BDC
SYOSSET LANDFILL,38,40.798889,-73.509719,#BA8BDC
VELSICOL BURN PIT,38,43.415842,-84.623247,#BA8BDC
WRIGLEY CHARCOAL PLANT,38,35.9025,-87.353194,#BA8BDC
FOOTE MINERAL CO.,37,40.04,-75.585278,#BA8BDC
FORT WAYNE REDUCTION DUMP,37,41.075,-85.066669,#BA8BDC
JONES SANITATION,37,41.795,-73.902,#BA8BDC
K&L AVENUE LANDFILL,37,42.283331,-85.718889,#BA8BDC
KANE & LOMBARD STREET DRUMS,37,39.2956,-76.5419,#BA8BDC
LOVE CANAL,37,43.079719,-78.94945,#BA8BDC
MIDDLETOWN AIR FIELD,37,40.1763,-76.7173,#BA8BDC
PARSONS CASKET HARDWARE CO.,37,42.2692,-88.836,#BA8BDC
PENTA WOOD PRODUCTS,37,45.784508,-92.431204,#BA8BDC
PHOENIX-GOODYEAR AIRPORT AREA,37,33.429719,-112.3653,#BA8BDC
UPPER TENMILE CREEK MINING AREA,37,46.48091,-112.25399,#BA8BDC
ATLANTIC RESOURCES,36,40.486111,-74.319444,#BA8BDC
CAPTAIN JACK MILL,36,40.061319,-105.507611,#BA8BDC
CENTRAL CHEMICAL (HAGERSTOWN),36,39.656667,-77.723611,#BA8BDC
CORNHUSKER ARMY AMMUNITION PLANT,36,40.923331,-98.4925,#BA8BDC
FORT RILEY,36,39.306647,-96.960906,#BA8BDC
INTERSTATE LEAD CO. (ILCO),36,33.539016,-86.533258,#BA8BDC
"LAUREL PARK, INC.",36,41.476939,-73.071661,#BA8BDC
NORTHERN ENGRAVING CO.,36,43.934439,-90.81445,#BA8BDC
PREFERRED PLATING CORP.,36,40.7158,-73.4253,#BA8BDC
"RADIATION TECHNOLOGY, INC.",36,40.970831,-74.50555,#BA8BDC
REPUBLIC STEEL CORP. QUARRY,36,41.356189,-82.117839,#BA8BDC
RINGWOOD MINES/LANDFILL,36,41.136669,-74.2725,#BA8BDC
SARNEY FARM,36,41.75555,-73.561389,#BA8BDC
SCRDI BLUFF ROAD,36,33.885419,-80.90875,#BA8BDC
"SEALAND RESTORATION, INC.",36,44.703611,-75.361531,#BA8BDC
STAR LAKE CANAL,36,29.975,-93.917,#BA8BDC
STRASBURG LANDFILL,36,39.944439,-75.768061,#BA8BDC
10TH STREET SITE,35,41.427194,-97.3595,#BA8BDC
AMERICAN CREOSOTE WORKS INC (LOUISVILLE),35,33.111111,-89.058333,#BA8BDC
BOARHEAD FARMS,35,40.545831,-75.125,#BA8BDC
BOOMSNUB/AIRCO,35,45.677222,-122.621667,#BA8BDC
CHEM-DYNE,35,39.4079,-84.552,#BA8BDC
CLEBURN STREET WELL,35,40.925139,-98.347778,#BA8BDC
FORT DIX (LANDFILL SITE),35,39.9801,-74.6244,#BA8BDC
FORT HARTFORD COAL CO. STONE QUARRY,35,37.538889,-86.702769,#BA8BDC
GENERAL ELECTRIC CO. (SPOKANE APPARATUS SERVICE SHOP),35,47.6729,-117.3441,#BA8BDC
"KAUFFMAN & MINTEER, INC.",35,40.0363,-74.694,#BA8BDC
KUMMER SANITARY LANDFILL,35,47.506531,-94.892719,#BA8BDC
OLD SPRINGFIELD LANDFILL,35,43.272781,-72.466669,#BA8BDC
ROSS METALS INC.,35,35.049167,-89.548611,#BA8BDC
WALSH LANDFILL,35,40.119719,-75.915281,#BA8BDC
BROOKHAVEN NATIONAL LABORATORY (USDOE),34,40.86,-72.869583,#BA8BDC
CANNON ENGINEERING CORP. (CEC),34,41.9727,-71.0256,#BA8BDC
CHARLES MACON LAGOON AND DRUM STORAGE,34,34.8925,-79.8375,#BA8BDC
DELAWARE SAND & GRAVEL LANDFILL,34,39.651389,-75.602781,#BA8BDC
EAST 67TH STREET GROUND WATER PLUME,34,31.908611,-102.385833,#BA8BDC
FAIRFIELD COAL GASIFICATION PLANT,34,41.0062,-91.9724,#BA8BDC
FLORIDA PETROLEUM REPROCESSORS,34,26.081944,-80.215556,#BA8BDC
HARDAGE/CRINER,34,34.9764,-97.5809,#BA8BDC
HARRIS CORP. (PALM BAY PLANT),34,28.030281,-80.601389,#BA8BDC
MAYWOOD CHEMICAL CO.,34,40.8964,-74.0693,#BA8BDC
"MOTOROLA, INC. (52ND STREET PLANT)",34,33.461669,-111.9708,#BA8BDC
SAN FERNANDO VALLEY (AREA 2),34,34.163139,-118.286,#BA8BDC
SHIELDALLOY CORP.,34,39.543061,-75.022219,#BA8BDC
WADE (ABM),34,39.8337,-75.3775,#BA8BDC
CAMILLA WOOD PRESERVING COMPANY,33,31.2225,-84.20333,#BA8BDC
CAPE FEAR WOOD PRESERVING,33,35.04945,-79.020839,#BA8BDC
ELIZABETH MINE,33,43.823889,-72.328889,#BA8BDC
GEORGE AIR FORCE BASE,33,34.595,-117.3833,#BA8BDC
HELLERTOWN MANUFACTURING CO.,33,40.595417,-75.340947,#BA8BDC
HORSESHOE ROAD,33,40.484722,-74.319444,#BA8BDC
HUNTS DISPOSAL LANDFILL,33,42.835,-87.88,#BA8BDC
INDUSTRI-PLEX,33,42.516669,-71.141669,#BA8BDC
KEARSARGE METALLURGICAL CORP.,33,43.9721,-71.1293,#BA8BDC
KOPPERS COKE,33,44.972219,-93.152781,#BA8BDC
MCCOLL,33,33.8953,-117.9712,#BA8BDC
NASCOLITE CORP.,33,39.422219,-75.032781,#BA8BDC
"NUCLEAR METALS, INC.",33,42.441667,-71.421944,#BA8BDC
PACIFIC SOUND RESOURCES,33,47.582332,-122.366667,#BA8BDC
PICKETTVILLE ROAD LANDFILL,33,30.368611,-81.738889,#BA8BDC
"REDWING CARRIERS, INC. (SARALAND)",33,30.808331,-88.073061,#BA8BDC
SOUTH VALLEY,33,35.0441,-106.6411,#BA8BDC
WASH KING LAUNDRY,33,43.8532,-85.853,#BA8BDC
WEYERHAEUSER CO PLYMOUTH WOOD TRTNG PT,33,NA,NA,#BA8BDC
"WHEELING DISPOSAL SERVICE CO., INC., LANDFILL",33,39.875,-94.87,#BA8BDC
YEOMAN CREEK LANDFILL,33,42.388889,-87.848611,#BA8BDC
BERKLEY PRODUCTS CO. DUMP,32,40.25555,-76.155281,#BA8BDC
BERLIN & FARRO,32,42.904,-83.8348,#BA8BDC
BLACKBURN & UNION PRIVILEGES,32,42.138749,-71.251667,#BA8BDC
BOWERS LANDFILL,32,39.6375,-82.965281,#BA8BDC
BREWSTER WELL FIELD,32,41.401669,-73.6,#BA8BDC
CLIFF/DOW DUMP,32,46.574439,-87.42,#BA8BDC
CLOTHIER DISPOSAL,32,43.247219,-76.412781,#BA8BDC
CROSS BROTHERS PAIL RECYCLING (PEMBROKE),32,41.0909,-87.5893,#BA8BDC
DOVER GAS LIGHT CO.,32,39.1558,-75.5277,#BA8BDC
HEWLETT-PACKARD (620-640 PAGE MILL ROAD),32,37.4214,-122.1434,#BA8BDC
LOCKHEED WEST SEATTLE,32,47.583889,-122.3625,#BA8BDC
MIDNITE MINE,32,47.9375,-118.094167,#BA8BDC
SYLVESTER,32,42.7197,-71.523111,#BA8BDC
TUTU WELLFIELD,32,18.341667,-64.885,#BA8BDC
WHITING FIELD NAVAL AIR STATION,32,30.709722,-87.020417,#BA8BDC
ZSCHIEGNER REFINING,32,40.145833,-74.2,#BA8BDC
ADAMS COUNTY QUINCY LANDFILLS 2&3,31,39.929444,-91.268472,#BA8BDC
BETTER BRITE PLATING CO. CHROME AND ZINC SHOPS,31,44.438061,-88.0755,#BA8BDC
BRUNSWICK WOOD PRESERVING,31,31.242222,-81.528056,#BA8BDC
BURROWS SANITATION,31,42.2233,-86.1502,#BA8BDC
CIMARRON MINING CORP.,31,33.643469,-105.8647,#BA8BDC
CONTINENTAL STEEL CORP.,31,40.474169,-86.156299,#BA8BDC
COOPER DRUM CO.,31,33.946972,-118.179694,#BA8BDC
FIBERS PUBLIC SUPPLY WELLS,31,17.9632,-66.1461,#BA8BDC
HITEMAN LEATHER,31,42.883333,-75.195833,#BA8BDC
"INTERSTATE POLLUTION CONTROL, INC.",31,42.241,-89.098,#BA8BDC
KEM-PEST LABORATORIES,31,37.339611,-89.489444,#BA8BDC
"LENZ OIL SERVICE, INC.",31,41.7068,-87.9422,#BA8BDC
MARATHON BATTERY CORP.,31,41.416111,-73.954719,#BA8BDC
OLD MILL,31,41.6601,-80.8456,#BA8BDC
PORT HADLOCK DETACHMENT (USNAVY),31,48.083471,-122.729583,#BA8BDC
REILLY TAR & CHEMICAL CORP. (DOVER PLANT),31,40.5175,-81.479,#BA8BDC
ROWE INDUSTRIES GROUND WATER CONTAMINATION,31,40.982781,-72.3,#BA8BDC
TAYLOR BOROUGH DUMP,31,41.407219,-75.718331,#BA8BDC
TROY MILLS LANDFILL,31,42.802583,-72.186944,#BA8BDC
TWIN CITIES AIR FORCE RESERVE BASE (SMALL ARMS RANGE LANDFILL),31,44.863061,-93.204719,#BA8BDC
"VERTAC, INC.",31,34.878,-92.1312,#BA8BDC
VESTAL WATER SUPPLY WELL 1-1,31,42.0902,-76.0557,#BA8BDC
WAYNE WASTE OIL,31,41.1525,-85.476111,#BA8BDC
WHITMOYER LABORATORIES,31,40.364719,-76.325,#BA8BDC
APPLIED ENVIRONMENTAL SERVICES,30,40.823054,-73.646693,#N/A
"BROWN & BRYANT, INC. (ARVIN PLANT)",30,35.203061,-118.822,#N/A
DARLING HILL DUMP,30,44.5545,-71.9844,#N/A
DISTLER BRICKYARD,30,37.989719,-85.951389,#N/A
FRESNO MUNICIPAL SANITARY LANDFILL,30,36.704169,-119.8261,#N/A
LANDIA CHEMICAL COMPANY,30,28.039444,-81.979167,#N/A
LEMBERGER TRANSPORT & RECYCLING,30,44.1655,-87.8448,#N/A
MIAMI DRUM SERVICES,30,25.837219,-80.313061,#N/A
MICHIGAN DISPOSAL SERVICE (CORK STREET LANDFILL),30,42.2545,-85.5433,#N/A
OUACHITA NEVADA WOOD TREATER,30,33.759453,-93.104258,#N/A
SPICKLER LANDFILL,30,44.689689,-90.265611,#N/A
TEXARKANA WOOD PRESERVING CO.,30,33.408331,-94.053339,#N/A
TINKHAM GARAGE,30,42.860831,-71.351111,#N/A
"TRI-COUNTY LANDFILL CO./WASTE MANAGEMENT OF ILLINOIS, INC.",30,41.9832,-88.2712,#N/A
VALLEY PARK TCE,30,38.552781,-90.466669,#N/A
AMERICAN BRASS INC.,29,31.325,-85.404167,#C193E2
APACHE POWDER CO.,29,31.88,-110.24,#C193E2
BRODHEAD CREEK,29,40.989719,-75.186669,#C193E2
BUCKINGHAM COUNTY LANDFILL,29,37.514169,-78.516669,#C193E2
BUSH VALLEY LANDFILL,29,39.467219,-76.26195,#C193E2
CONCORD NAVAL WEAPONS STATION,29,38.049444,-122,#C193E2
GEIGY CHEMICAL CORP. (ABERDEEN PLANT),29,35.126111,-79.406669,#C193E2
"GREEN RIVER DISPOSAL, INC.",29,37.88945,-86.973611,#C193E2
"KOPPERS CO., INC. (CHARLESTON PLANT)",29,32.822083,-79.958333,#C193E2
"LIQUID DISPOSAL, INC.",29,42.652781,-83.073611,#C193E2
MATERIALS TECHNOLOGY LABORATORY (USARMY),29,42.360416,-71.166111,#C193E2
"MID-STATE DISPOSAL, INC. LANDFILL",29,44.848331,-90.04,#C193E2
MILLTOWN RESERVOIR SEDIMENTS,29,46.86452,-113.883364,#C193E2
NAVY SHIPS PARTS CONTROL CENTER,29,40.225556,-76.99361,#C193E2
NEASE CHEMICAL,29,40.916669,-80.891669,#C193E2
"PETRO-CHEMICAL SYSTEMS, INC. (TURTLE BAYOU)",29,29.92,-94.688061,#C193E2
PINE BEND SANITARY LANDFILL,29,44.784719,-93.05055,#C193E2
SALFORD QUARRY,29,40.251944,-75.382222,#C193E2
U.S. RADIUM CORP.,29,40.781389,-74.228611,#C193E2
WILSON FARM,29,40.072219,-74.445269,#C193E2
29TH & MEAD GROUND WATER CONTAMINATION,28,37.735692,-97.33325,#C193E2
BLUE RIDGE PLATING COMPANY,28,35.462372,-82.528358,#C193E2
CINNAMINSON TOWNSHIP (BLOCK 702) GROUND WATER CONTAMINATION,28,40.0175,-74.9862,#C193E2
COMBE FILL SOUTH LANDFILL,28,40.771669,-74.738331,#C193E2
"CTS PRINTEX, INC.",28,37.4165,-122.0872,#C193E2
GENERAL ELECTRIC CO/SHEPHERD FARM,28,35.272222,-82.411111,#C193E2
HALBY CHEMICAL CO.,28,39.718611,-75.537219,#C193E2
HUNTERSTOWN ROAD,28,39.85305,-77.206111,#C193E2
JOHNS-MANVILLE CORP.,28,42.386669,-87.811669,#C193E2
"LAWRENCE LIVERMORE NATL LAB, MAIN SITE (USDOE)",28,37.688061,-121.7047,#C193E2
MADISON COUNTY SANITARY LANDFILL,28,30.501111,-83.39375,#C193E2
MOYERS LANDFILL,28,40.155561,-75.433611,#C193E2
NAVAL COMPUTER AND TELECOMMUNICATIONS AREA MASTER STATION EASTERN PACIFIC,28,21.519027,-158.005138,#C193E2
NEWPORT DUMP,28,39.070725,-84.491228,#C193E2
NORTH PENN - AREA 2,28,40.293889,-75.297781,#C193E2
TOOELE ARMY DEPOT (NORTH AREA),28,40.526461,-112.410368,#C193E2
VIENNA WELLS,28,38.189597,-91.944158,#C193E2
WASATCH CHEMICAL CO. (LOT 6),28,40.729002,-111.909924,#C193E2
AIR FORCE PLANT #4 (GENERAL DYNAMICS),27,32.777781,-97.45,#C193E2
AMNICOLA DUMP,27,35.0625,-85.276389,#C193E2
BAYOU BONFOUCA,27,30.282219,-89.784161,#C193E2
BURLINGTON NORTHERN (BRAINERD/BAXTER PLANT),27,46.3532,-94.2282,#C193E2
ELLENVILLE SCRAP IRON AND METAL,27,41.724028,-74.4055,#C193E2
ELM STREET GROUND WATER CONTAMINATION,27,39.476586,-87.414319,#C193E2
FAIRCHILD AIR FORCE BASE (4 WASTE AREAS),27,47.628331,-117.6462,#C193E2
FAIRCHILD SEMICONDUCTOR CORP. (MOUNTAIN VIEW PLANT),27,37.4012,-122.0542,#C193E2
FMC CORP. (DUBLIN ROAD LANDFILL),27,43.2172,-78.4417,#C193E2
GMH ELECTRONICS,27,36.416722,-78.941625,#C193E2
INTEL CORP. (MOUNTAIN VIEW PLANT),27,37.3962,-122.0566,#C193E2
"JACKS CREEK/SITKIN SMELTING & REFINING, INC.",27,40.641531,-77.475281,#C193E2
JET PROPULSION LABORATORY (NASA),27,34.201185,-118.167434,#C193E2
JOLIET ARMY AMMUNITION PLANT (LOAD-ASSEMBLY-PACKING AREA),27,41.3662,-88.0772,#C193E2
"LEMBERGER LANDFILL, INC.",27,44.173331,-87.841669,#C193E2
NWS YORKTOWN - CHEATHAM ANNEX,27,37.284722,-76.6075,#C193E2
OUTBOARD MARINE CORP.,27,42.365281,-87.821111,#C193E2
POWNAL TANNERY,27,42.797167,-73.26575,#C193E2
RAYTHEON CORP.,27,37.3975,-122.0533,#C193E2
SCRDI DIXIANA,27,33.90445,-81.063889,#C193E2
SHELLER-GLOBE CORP. DISPOSAL,27,40.4666,-91.4139,#C193E2
SOUTHERN SHIPBUILDING,27,30.2725,-89.800833,#C193E2
UTAH POWER & LIGHT/AMERICAN BARREL CO.,27,40.770342,-111.90658,#C193E2
WINGATE ROAD MUNICIPAL INCINERATOR DUMP,27,26.1444,-80.1847,#C193E2
"BOISE CASCADE/ONAN CORP./MEDTRONICS, INC.",26,45.095831,-93.233331,#C193E2
CHEM CENTRAL,26,42.91,-85.674161,#C193E2
CHEMICAL CONTROL,26,40.6432,-74.1935,#C193E2
DE REWAL CHEMICAL CO.,26,40.5162,-75.0614,#C193E2
DOVER MUNICIPAL WELL 4,26,40.8858,-74.5423,#C193E2
"FRENCH, LTD.",26,29.8796,-95.0739,#C193E2
GURLEY PIT,26,35.1209,-90.3116,#C193E2
INDUSTRIAL LANE,26,40.665831,-75.228611,#C193E2
KALAMA SPECIALTY CHEMICALS,26,32.4734,-80.7401,#C193E2
LORENTZ BARREL & DRUM CO.,26,37.318611,-121.8644,#C193E2
MIDCO II,26,41.622781,-87.408611,#C193E2
"NATICK LABORATORY ARMY RESEARCH, DEVELOPMENT, AND ENGINEERING CENTER",26,42.288889,-71.363611,#C193E2
NATIONAL SOUTHWIRE ALUMINUM CO.,26,37.944999,-86.787778,#C193E2
NAVAL WEAPONS STATION EARLE (SITE A),26,40.264581,-74.162919,#C193E2
SOUTH MACOMB DISPOSAL AUTHORITY (LANDFILLS #9 AND #9A),26,42.682081,-82.907389,#C193E2
U.S. AVIEX,26,41.8309,-86.1968,#C193E2
UGI COLUMBIA GAS PLANT,26,40.026207,-76.498389,#C193E2
WEST SITE/HOWS CORNERS,26,44.740278,-69.182222,#C193E2
WESTLAKE LANDFILL,26,38.77,-90.445269,#C193E2
WPSC STEVENS POINT,26,NA,NA,#C193E2
ZANESVILLE WELL FIELD,26,39.967781,-81.992231,#C193E2
68TH STREET DUMP/INDUSTRIAL ENTERPRISES,25,NA,NA,#C193E2
ADMIRAL HOME APPLIANCES,25,NA,NA,#C193E2
"ADVANCED MICRO DEVICES, INC. (BUILDING 915)",25,37.3868,-122.0066,#C193E2
AMERICAN THERMOSTAT CO.,25,42.266939,-73.941111,#C193E2
ASBESTOS DUMP,25,40.6725,-74.525561,#C193E2
B.F. GOODRICH,25,37.0503,-88.3234,#C193E2
"BRIO REFINING, INC.",25,29.57,-95.203331,#C193E2
BROWN'S BATTERY BREAKING,25,40.519439,-76.001389,#C193E2
BROWN'S DUMP,25,NA,NA,#C193E2
CEMETERY DUMP,25,42.725281,-83.610281,#C193E2
"FIKE CHEMICAL, INC.",25,38.426669,-81.8425,#C193E2
FORT LEWIS (LANDFILL NO. 5),25,47.119419,-122.63,#C193E2
FRONTERA CREEK,25,18.15195,-65.790281,#C193E2
KELLOGG-DEERING WELL FIELD,25,41.13055,-73.43195,#C193E2
LEETOWN PESTICIDE,25,39.3465,-77.9095,#C193E2
NEW HAMPSHIRE PLATING CO.,25,42.855833,-71.488888,#C193E2
"ORGANIC CHEMICALS, INC.",25,42.9178,-85.7475,#C193E2
PEERLESS PLATING CO.,25,43.2056,-86.2237,#C193E2
"POPILE, INC.",25,33.1825,-92.673333,#C193E2
ST. LOUIS AIRPORT/HAZELWOOD INTERIM STORAGE/FUTURA COATINGS CO.,25,38.759719,-90.360419,#C193E2
T.H. AGRICULTURE & NUTRITION CO.,25,36.764728,-119.660501,#C193E2
AIDEX CORP.,24,41.143839,-95.813556,#C193E2
"AMERICAN CREOSOTE WORKS, INC. (JACKSON PLANT)",24,35.61,-88.8355,#C193E2
BARBER ORCHARD,24,35.445833,-83.063889,#C193E2
"BIO-ECOLOGY SYSTEMS, INC.",24,32.743331,-96.936669,#C193E2
BREWER GOLD MINE,24,34.652194,-80.411472,#C193E2
BROWN WOOD PRESERVING,24,30.3025,-83.01305,#C193E2
BRUIN LAGOON,24,41.051111,-79.725,#C193E2
COMMODORE SEMICONDUCTOR GROUP,24,40.1241,-75.4194,#C193E2
CONSERVATION CHEMICAL CO.,24,39.1279,-94.4722,#C193E2
IOWA CITY FMGP,24,NA,NA,#C193E2
JOLIET ARMY AMMUNITION PLANT (MANUFACTURING AREA),24,41.3762,-88.1563,#C193E2
KOCH REFINING CO./N-REN CORP.,24,44.7684,-93.0406,#C193E2
LAUER I SANITARY LANDFILL,24,43.181389,-88.066669,#C193E2
MACKENZIE CHEMICAL WORKS,24,40.788889,-73.205278,#C193E2
MISSOURI ELECTRIC WORKS,24,37.28625,-89.555056,#C193E2
NL INDUSTRIES,24,39.758061,-75.424719,#C193E2
PALMERTON ZINC PILE,24,40.808331,-75.583339,#C193E2
PESSES CHEMICAL CO.,24,32.7174,-97.3256,#C193E2
PREWITT ABANDONED REFINERY,24,35.3596,-108.0348,#C193E2
RALEIGH STREET DUMP,24,27.914417,-82.410861,#C193E2
"WILSON CONCEPTS OF FLORIDA, INC.",24,26.218675,-80.142768,#C193E2
AIRCO,23,37.0496,-88.3225,#C193E2
AIRCO PLATING CO.,23,25.8152,-80.2559,#C193E2
AT&SF (ALBUQUERQUE),23,35.033333,-106.655278,#C193E2
BROOK INDUSTRIAL PARK,23,40.560139,-74.536111,#C193E2
BURNT FLY BOG,23,40.375,-74.279169,#C193E2
CALLAHAN MINING CORP,23,44.351639,-68.810139,#C193E2
"CHEMICAL COMMODITIES, INC.",23,38.878244,-94.805603,#C193E2
CIRCUITRON CORP.,23,40.7495,-73.4195,#C193E2
COPLEY SQUARE PLAZA,23,41.092839,-81.617472,#C193E2
DAVIS LIQUID WASTE,23,41.922219,-71.577769,#C193E2
HIGGINS FARM,23,40.406389,-74.602781,#C193E2
JENNISON-WRIGHT CORPORATION,23,38.708333,-90.1525,#C193E2
MONROE AUTO EQUIPMENT CO. (PARAGOULD PIT),23,36.020831,-90.575,#C193E2
NAVAL INDUSTRIAL RESERVE ORDNANCE PLANT,23,45.058831,-93.273669,#C193E2
"ORDNANCE PRODUCTS, INC.",23,39.630833,-75.923889,#C193E2
"PASLEY SOLVENTS & CHEMICALS, INC.",23,40.729169,-73.612219,#C193E2
POHATCONG VALLEY GROUND WATER CONTAMINATION,23,40.75,-75,#C193E2
REVERE TEXTILE PRINTS CORP.,23,41.708331,-71.829169,#C193E2
SAN GABRIEL VALLEY (AREA 1),23,34.125,-118,#C193E2
SOUTH ANDOVER SITE,23,45.2179,-93.318,#C193E2
SOUTH POINT PLANT,23,38.4375,-82.591669,#C193E2
"SPECTRA-PHYSICS, INC.",23,37.40805,-122.0786,#C193E2
ST. LOUIS RIVER SITE,23,46.677781,-92.212219,#C193E2
"SYNERTEK, INC. (BUILDING 1)",23,37.3773,-121.9719,#C193E2
TORCH LAKE,23,47.169719,-88.397781,#C193E2
VELSICOL CHEMICAL CORP. (MICHIGAN),23,43.410561,-84.618611,#C193E2
WILLIAMS AIR FORCE BASE,23,33.30695,-111.6519,#C193E2
WOODLAWN COUNTY LANDFILL,23,39.641669,-76.09,#C193E2
ALTERNATE ENERGY RESOURCES INC,22,33.454194,-82.036944,#C193E2
ANNISTON PCB SITE (MONSANTO CO),22,NA,NA,#C193E2
AUBURN ROAD LANDFILL,22,42.9302,-71.3529,#C193E2
BERKS LANDFILL,22,40.291389,-76.031111,#C193E2
CHEVRON CHEMICAL CO. (ORTHO DIVISION),22,28.578889,-81.408889,#C193E2
"CURCIO SCRAP METAL, INC.",22,40.8907,-74.1035,#C193E2
CURTIS BAY COAST GUARD YARD,22,39.2,-76.572694,#C193E2
DAKHUE SANITARY LANDFILL,22,44.5718,-92.9277,#C193E2
DIAZ CHEMICAL,22,43.222944,-78.029278,#C193E2
DISTLER FARM,22,38.006939,-85.931111,#C193E2
E.H. SCHILLING LANDFILL,22,38.5725,-82.75555,#C193E2
ELMORE WASTE DISPOSAL,22,34.935905,-82.216599,#C193E2
GALLAWAY PITS,22,35.359719,-89.601939,#C193E2
J & L LANDFILL,22,42.6556,-83.0959,#C193E2
JFD ELECTRONICS/CHANNEL MASTER,22,36.299719,-78.606389,#C193E2
JIS LANDFILL,22,40.365831,-74.465281,#C193E2
JOHN DEERE (OTTUMWA WORKS LANDFILLS),22,41.0025,-92.409719,#C193E2
KIN-BUC LANDFILL,22,40.4891,-74.3785,#C193E2
"LANDFILL & RESOURCE RECOVERY, INC. (L&RR)",22,41.9795,-71.589,#C193E2
LASALLE ELECTRIC UTILITIES,22,41.354169,-89.0975,#C193E2
MAIN STREET WELL FIELD,22,41.696389,-85.979161,#C193E2
NEW BEDFORD,22,41.643171,-70.919887,#C193E2
PANTEX PLANT (USDOE),22,35.321944,-101.563611,#C193E2
REICH FARMS,22,40.0106,-74.2149,#C193E2
SEYMOUR RECYCLING CORP.,22,38.9352,-85.9213,#C193E2
SHURON INC.,22,33.236694,-81.375778,#C193E2
"SMS INSTRUMENTS, INC.",22,40.760002,-73.318491,#C193E2
SOUTH JERSEY CLOTHING CO.,22,39.5206,-74.9491,#C193E2
WILLIAMS PROPERTY,22,39.1173,-74.8004,#C193E2
ABEX CORP.,21,36.8265,-76.3045,#C193E2
ARMY CREEK LANDFILL,21,39.653061,-75.608331,#C193E2
ARROWHEAD REFINERY CO.,21,46.8377,-92.2398,#C193E2
"AUTO ION CHEMICALS, INC.",21,42.293889,-85.567219,#C193E2
BONNEVILLE POWER ADMINISTRATION ROSS COMPLEX (USDOE),21,45.6616,-122.6572,#C193E2
CHEMICAL INSECTICIDE CORP.,21,40.5274,-74.368,#C193E2
EAST MOUNT ZION,21,40.0075,-76.665281,#C193E2
FRONTIER FERTILIZER,21,38.552588,-121.703615,#C193E2
GENEVA INDUSTRIES/FUHRMANN ENERGY,21,29.66,-95.25,#C193E2
JOSEPH FOREST PRODUCTS,21,45.359439,-117.2472,#C193E2
LAMMERS BARREL FACTORY,21,39.726389,-84.084306,#C193E2
MONSANTO CHEMICAL CO. (SODA SPRINGS PLANT),21,42.687031,-111.5878,#C193E2
MONTGOMERY TOWNSHIP HOUSING DEVELOPMENT,21,40.408331,-74.644169,#C193E2
PACIFIC CAR & FOUNDRY CO.,21,47.488889,-122.1964,#C193E2
PORTLAND CEMENT (KILN DUST 2 & 3),21,40.747464,-111.943991,#C193E2
ROCKAWAY BOROUGH WELL FIELD,21,40.905831,-74.515561,#C193E2
TAYLOR LUMBER AND TREATING,21,45.097222,-123.426944,#C193E2
U.S. TITANIUM,21,37.708331,-79.016669,#C193E2
WASHINGTON COUNTY LANDFILL,21,45.008639,-92.918139,#C193E2
WESTLINE,21,41.774719,-78.771669,#C193E2
WILDCAT LANDFILL,21,39.120831,-75.5,#C193E2
"ADVANCED MICRO DEVICES, INC.",20,37.3825,-122.0086,#N/A
COMPASS INDUSTRIES (AVERY DRIVE),20,36.126389,-96.083339,#N/A
DOEPKE DISPOSAL (HOLLIDAY),20,39.036314,-94.794083,#N/A
EVOR PHILLIPS LEASING,20,40.4375,-74.325,#N/A
GENERAL MOTORS (CENTRAL FOUNDRY DIVISION),20,44.983889,-74.732781,#N/A
"HERCULES, INC. (GIBBSTOWN PLANT)",20,39.838889,-75.277781,#N/A
HIGHLANDS ACID PIT,20,29.8141,-95.0786,#N/A
INDUSTRIAL WASTE CONTROL,20,35.2402,-94.3525,#N/A
LEXINGTON COUNTY LANDFILL AREA,20,33.919581,-81.074169,#N/A
MARTIN-MARIETTA ALUMINUM CO.,20,45.624439,-121.2056,#N/A
MCCORMICK & BAXTER CREOSOTING CO.,20,37.947851,-121.306635,#N/A
MODERN SANITATION LANDFILL,20,39.960561,-76.5925,#N/A
NINTH AVENUE DUMP,20,41.5934,-87.429,#N/A
PACIFIC COAST PIPE LINES,20,34.404169,-118.9028,#N/A
RECTICON/ALLIED STEEL CORP.,20,40.203469,-75.589031,#N/A
SAN FERNANDO VALLEY (AREA 1),20,34.19,-118.3514,#N/A
SUFFOLK CITY LANDFILL,20,36.6784,-76.5839,#N/A
UNION PACIFIC RAILROAD CO. TIE-TREATING PLANT,20,45.5986,-121.1651,#N/A
WESTINGHOUSE ELECTRIC CORP. (SHARON PLANT),20,41.2434,-80.5058,#N/A
WILLOW GROVE NAVAL AIR AND AIR RESERVE STATION,20,40.19222,-75.1475,#N/A
AIRCRAFT COMPONENTS (D & L SALES),19,42.126944,-86.454444,#C89BE9
AT & SF (CLOVIS),19,34.378331,-103.2117,#C89BE9
CAM-OR INC.,19,41.546528,-86.899306,#C89BE9
"CRYOCHEM, INC.",19,40.317219,-75.691669,#C89BE9
JANESVILLE ASH BEDS,19,42.703061,-89.0275,#C89BE9
"MATLACK, INC.",19,39.763106,-75.322169,#C89BE9
METAMORA LANDFILL,19,42.94695,-83.274439,#C89BE9
MICA LANDFILL,19,47.579169,-117.2111,#C89BE9
NORTHERNAIRE PLATING,19,44.265,-85.41,#C89BE9
NORTHWESTERN STATES PORTLAND CEMENT CO.,19,43.175,-93.205,#C89BE9
RHINEHART TIRE FIRE DUMP,19,39.188333,-78.310429,#C89BE9
SIGMON'S SEPTIC TANK SERVICE,19,35.713611,-80.974583,#C89BE9
SPRINGFIELD TOWNSHIP DUMP,19,42.7044,-83.5419,#C89BE9
STROTHER FIELD INDUSTRIAL PARK,19,37.172031,-97.028919,#C89BE9
TAR CREEK (OTTAWA COUNTY),19,36.943603,-94.841914,#C89BE9
TAYLOR ROAD LANDFILL,19,28.009719,-82.29305,#C89BE9
USARMY/NASA REDSTONE ARSENAL,19,34.646944,-86.673055,#C89BE9
VAN DER HORST USA CORPORATION,19,32.734167,-96.273889,#C89BE9
"WALDICK AEROSPACE DEVICES, INC.",19,40.143,-74.0613,#C89BE9
57TH AND NORTH BROADWAY STREETS SITE,18,37.783636,-97.337547,#C89BE9
BARKHAMSTED-NEW HARTFORD LANDFILL,18,41.893947,-72.989337,#C89BE9
"CITY INDUSTRIES, INC.",18,28.601389,-81.3,#C89BE9
CLEVELAND MILL,18,32.8626,-108.2558,#C89BE9
"COMBUSTION, INC.",18,30.5129,-90.8939,#C89BE9
DEPUE/NEW JERSEY ZINC/MOBIL CHEMICAL CORP.,18,41.327778,-89.304167,#C89BE9
FAIRFAX ST. WOOD TREATERS,18,30.354092,-81.686394,#C89BE9
FULTON TERMINALS,18,43.3569,-76.4274,#C89BE9
GRANTS CHLORINATED SOLVENTS,18,35.155778,-107.843889,#C89BE9
HOPKINS FARM,18,40.088889,-74.4875,#C89BE9
INTEL MAGNETICS,18,37.3756,-121.9801,#C89BE9
LITTLE SCIOTO RIVER,18,40.593061,-83.183461,#C89BE9
MOTTOLO PIG FARM,18,42.989581,-71.173189,#C89BE9
NATIONAL ELECTRIC COIL CO./COOPER INDUSTRIES,18,36.843889,-83.371389,#C89BE9
"NEPERA CHEMICAL CO., INC.",18,41.4643,-74.2447,#C89BE9
NEWTON COUNTY MINE TAILINGS,18,36.9921,-94.3848,#C89BE9
NORTH PENN - AREA 5,18,40.2721,-75.2451,#C89BE9
OMEGA CHEMICAL CORPORATION,18,33.969722,-118.042222,#C89BE9
ORONOGO-DUENWEG MINING BELT,18,37.101111,-94.420561,#C89BE9
PENINSULA BOULEVARD GROUNDWATER PLUME,18,40.640392,-73.695667,#C89BE9
PETER COOPER CORPORATION (MARKHAMS),18,42.392897,-79.012572,#C89BE9
POWERSVILLE SITE,18,32.60889,-83.7936,#C89BE9
SELMA PRESSURE TREATING COMPANY,18,36.556669,-119.6017,#C89BE9
ST. REGIS PAPER CO.,18,47.375561,-94.60555,#C89BE9
"UNITED METALS, INC.",18,30.685833,-85.168056,#C89BE9
"WAMCHEM, INC.",18,32.497219,-80.741669,#C89BE9
WASTE MANAGEMENT OF MICHIGAN (HOLLAND LAGOONS),18,42.824219,-86.189389,#C89BE9
"WASTE, INC., LANDFILL",18,41.721669,-86.88,#C89BE9
WHEELER PIT,18,42.666669,-88.98055,#C89BE9
A.I.W. FRANK/MID-COUNTY MUSTANG,17,40.031811,-75.6032,#C89BE9
BFI SANITARY LANDFILL (ROCKINGHAM),17,43.226389,-72.439719,#C89BE9
"CANNELTON INDUSTRIES, INC.",17,46.488889,-84.393061,#C89BE9
"CARTER INDUSTRIALS, INC.",17,42.345281,-83.091669,#C89BE9
"E.I. DU PONT DE NEMOURS & CO., INC. (COUNTY ROAD X23)",17,40.656467,-91.432639,#C89BE9
EAGLE ZINC CO DIV T L DIAMOND,17,39.161167,-89.476417,#C89BE9
GALESBURG/KOPPERS CO.,17,40.895831,-90.395839,#C89BE9
KERR-MCGEE CHEMICAL CORP. (SODA SPRINGS PLANT),17,42.687219,-111.5736,#C89BE9
KYSOR INDUSTRIAL CORP.,17,44.2568,-85.4226,#C89BE9
LAKEWOOD,17,47.14341,-122.51295,#C89BE9
LORD-SHOPE LANDFILL,17,41.977781,-80.3525,#C89BE9
MARION (BRAGG) DUMP,17,40.537781,-85.633061,#C89BE9
"MARTIN-MARIETTA, SODYECO, INC.",17,35.29445,-81,#C89BE9
MGM BRAKES,17,38.784,-123.0109,#C89BE9
NEBRASKA ORDNANCE PLANT (FORMER),17,41.176669,-96.453331,#C89BE9
OSBORNE LANDFILL,17,41.161111,-80.058331,#C89BE9
SAUNDERS SUPPLY CO.,17,36.86055,-76.581669,#C89BE9
SCOVILL INDUSTRIAL LANDFILL,17,41.550389,-73.010639,#C89BE9
STAUFFER CHEMICAL CO. (COLD CREEK PLANT),17,30.975,-88.021389,#C89BE9
VOGEL PAINT & WAX CO.,17,42.934439,-96.193339,#C89BE9
WATSON JOHNSON LANDFILL,17,40.460139,-75.331861,#C89BE9
WELSBACH & GENERAL GAS MANTLE (CAMDEN RADIATION),17,39.919722,-75.121944,#C89BE9
WESTINGHOUSE ELECTRIC CORP. (SUNNYVALE PLANT),17,37.3787,-122.0225,#C89BE9
AMERICAN CROSSARM & CONDUIT CO.,16,46.656939,-122.9689,#C89BE9
ANNAPOLIS LEAD MINE,16,37.355556,-90.675,#C89BE9
BAILEY WASTE DISPOSAL,16,29.99055,-93.879169,#C89BE9
BENDIX CORP./ALLIED AUTOMOTIVE,16,42.04945,-86.51195,#C89BE9
"CHEMSOL, INC.",16,40.5625,-74.443339,#C89BE9
COMMERCE STREET PLUME,16,44.452583,-73.121389,#C89BE9
"E.I. DU PONT DE NEMOURS & CO., INC. (NEWPORT PIGMENT PLANT LANDFILL)",16,39.708331,-75.609169,#C89BE9
EASTLAND WOOLEN MILL,16,44.921667,-69.261111,#C89BE9
FADROWSKI DRUM DISPOSAL,16,42.9207,-87.95245,#C89BE9
LIGHTMAN DRUM COMPANY,16,39.729722,-74.905917,#C89BE9
LOWER ECORSE CREEK DUMP,16,42.234166,-83.157777,#C89BE9
MARSHALL LANDFILL,16,39.950304,-105.20126,#C89BE9
MYSTERY BRIDGE RD/U.S. HIGHWAY 20,16,42.860581,-106.2288,#C89BE9
NATIONAL FIREWORKS,16,NA,NA,#C89BE9
POER FARM,16,39.844719,-85.605281,#C89BE9
RIO TINTO COPPER MINE,16,NA,NA,#C89BE9
ROCKWELL INTERNATIONAL CORP. (ALLEGAN PLANT),16,42.536669,-85.85,#C89BE9
SHERIDAN DISPOSAL SERVICES,16,30.2074,-96.1357,#C89BE9
SIXTY-SECOND STREET DUMP,16,27.969439,-82.386389,#C89BE9
SOLITRON DEVICES INC,16,NA,NA,#C89BE9
SOLITRON MICROWAVE,16,27.136667,-80.199167,#C89BE9
SOUTH CAVALCADE STREET,16,29.798331,-95.347781,#C89BE9
STOUGHTON CITY LANDFILL,16,42.923889,-89.206389,#C89BE9
STURGIS MUNICIPAL WELLS,16,41.7988,-85.4256,#C89BE9
UNIVERSAL OIL PRODUCTS (CHEMICAL DIVISION),16,40.83,-74.088889,#C89BE9
VEGA ALTA PUBLIC SUPPLY WELLS,16,18.418061,-66.330281,#C89BE9
VOLNEY MUNICIPAL LANDFILL,16,43.36055,-76.379169,#C89BE9
WASHINGTON NAVY YARD,16,38.875,-76.9875,#C89BE9
WATKINS-JOHNSON CO. (STEWART DIVISION PLANT),16,37.051111,-122.029028,#C89BE9
"ACTION ANODIZING, PLATING, & POLISHING CORP.",15,40.684439,-73.406111,#N/A
ARLINGTON BLENDING & PACKAGING,15,35.2996,-89.6577,#N/A
BECKMAN INSTRUMENTS (PORTERVILLE PLANT),15,36.049,-119.0201,#N/A
BUTLER MINE TUNNEL,15,41.3268,-75.7899,#N/A
COLESVILLE MUNICIPAL LANDFILL,15,42.160419,-75.58945,#N/A
"DOUGLASS ROAD/UNIROYAL, INC., LANDFILL",15,41.7132,-86.1926,#N/A
EAGLE MINE,15,39.549005,-106.402863,#N/A
EAU CLAIRE MUNICIPAL WELL FIELD,15,44.853331,-91.503331,#N/A
FLORIDA STEEL CORP.,15,27.041111,-80.506111,#N/A
FORMER NANSEMOND ORDNANCE DEPOT,15,36.899722,-76.434722,#N/A
"FRONTIER HARD CHROME, INC.",15,45.6215,-122.644,#N/A
GARDEN STATE CLEANERS CO.,15,39.519031,-74.94945,#N/A
HEBELKA AUTO SALVAGE YARD,15,40.576669,-75.667781,#N/A
INDEPENDENT NAIL CO.,15,32.466389,-80.741111,#N/A
LOCKWOOD SOLVENT GROUND WATER PLUME,15,45.801471,-108.457075,#N/A
NAVAL WEAPONS INDUSTRIAL RESERVE PLANT,15,42.478889,-71.290277,#N/A
NORTHWEST PIPE & CASING/HALL PROCESS COMPANY,15,45.416333,-122.563889,#N/A
OGALLALA GROUND WATER CONTAMINATION,15,41.123889,-101.736111,#N/A
OLD AMERICAN ZINC PLANT,15,38.648,-90.099,#N/A
PETROLEUM PRODUCTS CORP.,15,25.9926,-80.1696,#N/A
RAMAPO LANDFILL,15,41.14,-74.161389,#N/A
SOLVENT SAVERS,15,42.665,-75.876661,#N/A
SPENCE FARM,15,40.0789,-74.5061,#N/A
YUMA MARINE CORPS AIR STATION,15,32.654581,-114.5888,#N/A
ALARIC AREA GW PLUME,14,27.964083,-82.375139,#CEA3EF
ALGOMA MUNICIPAL LANDFILL,14,44.597,-87.4912,#CEA3EF
ARCTIC SURPLUS,14,64.8122,-147.5643,#CEA3EF
AVCO LYCOMING (WILLIAMSPORT DIVISION),14,41.244031,-77.041111,#CEA3EF
BORIT ASBESTOS,14,40.153472,-75.228625,#CEA3EF
BURNHAM CANAL - MILLER COMPRESSING COMPANY,14,NA,NA,#CEA3EF
C & D RECYCLING,14,41.031389,-75.841669,#CEA3EF
CARRIER AIR CONDITIONING CO.,14,35.043331,-89.690411,#CEA3EF
CECIL LINDSEY,14,35.6349,-91.2255,#CEA3EF
CENTRAL WOOD PRESERVING CO.,14,30.758889,-91.009444,#CEA3EF
"CHEMFAX, INC.",14,30.428888,-89.089166,#CEA3EF
COMBE FILL NORTH LANDFILL,14,40.881939,-74.713331,#CEA3EF
CONSOLIDATED IRON AND METAL,14,41.498028,-74.005639,#CEA3EF
CORTESE LANDFILL,14,41.600561,-75.065,#CEA3EF
CRISTEX DRUM,14,36.2972,-78.6067,#CEA3EF
"D.L. MUD, INC.",14,29.9555,-92.1867,#CEA3EF
DELILAH ROAD,14,39.416669,-74.545831,#CEA3EF
FAIRCHILD SEMICONDUCTOR CORP. (SOUTH SAN JOSE PLANT),14,37.2326,-121.7748,#CEA3EF
FISHER-CALO,14,41.5081,-86.6709,#CEA3EF
GOLD COAST OIL CORP.,14,25.7434,-80.3112,#CEA3EF
HOLTRA CHEM/HONEYWELL   INC.,14,NA,NA,#CEA3EF
KERR-MCGEE (KRESS CREEK/WEST BRANCH OF DUPAGE RIVER),14,41.863611,-88.2093,#CEA3EF
KIM-STAN LANDFILL,14,37.800278,-79.861667,#CEA3EF
LINDSAY MANUFACTURING CO.,14,41.701669,-97.69,#CEA3EF
MRI CORP (TAMPA),14,27.96,-82.355833,#CEA3EF
NINETEENTH AVENUE LANDFILL,14,33.416669,-112.0917,#CEA3EF
NORFOLK NAVAL SHIPYARD,14,36.821944,-76.294722,#CEA3EF
NORTH BELMONT PCE,14,35.273472,-81.05125,#CEA3EF
NORTHWEST 58TH STREET LANDFILL,14,25.833331,-80.347219,#CEA3EF
"PAB OIL & CHEMICAL SERVICE, INC.",14,30.0159,-92.1154,#CEA3EF
"PARSONS CHEMICAL WORKS, INC.",14,42.7547,-84.7677,#CEA3EF
SAN GABRIEL VALLEY (AREA 2),14,34.073611,-117.9361,#CEA3EF
SMITHTOWN GROUND WATER CONTAMINATION,14,40.887806,-73.174778,#CEA3EF
TOWNSEND SAW CHAIN CO.,14,34.10625,-80.834169,#CEA3EF
YORK COUNTY SOLID WASTE AND REFUSE AUTHORITY LANDFILL,14,39.782361,-76.607219,#CEA3EF
APPLIED MATERIALS,13,37.3777,-121.9777,#CEA3EF
AQUA-TECH ENVIRONMENTAL INC (GROCE LABS),13,34.9328,-82.1725,#CEA3EF
ARCANUM IRON & METAL,13,39.98195,-84.549161,#CEA3EF
BANDERA ROAD GROUND WATER PLUME,13,29.494433,-98.6205,#CEA3EF
BIG RIVER SAND CO.,13,37.727839,-97.400417,#CEA3EF
CROYDON TCE,13,40.084934,-74.8892,#CEA3EF
GOOSE FARM,13,40.09555,-74.4975,#CEA3EF
"H & H INC., BURN PIT",13,37.7243,-77.5857,#CEA3EF
IDAHO POLE CO.,13,45.688331,-111.0217,#CEA3EF
JANESVILLE OLD LANDFILL,13,42.702781,-89.023611,#CEA3EF
LOWER DARBY CREEK AREA,13,39.885556,-75.267778,#CEA3EF
MIAMI COUNTY INCINERATOR,13,40.074169,-84.224169,#CEA3EF
MOHONK ROAD INDUSTRIAL PLANT,13,41.816667,-74.13444,#CEA3EF
NCR CORP. (MILLSBORO PLANT),13,38.5775,-75.283061,#CEA3EF
NORTH PENN - AREA 1,13,40.3108,-75.3252,#CEA3EF
OLD CITY OF YORK LANDFILL,13,39.840281,-76.759719,#CEA3EF
OLD NAVY DUMP/MANCHESTER LABORATORY (USEPA/NOAA),13,47.574443,-122.548055,#CEA3EF
PALMETTO WOOD PRESERVING,13,33.920831,-81.060281,#CEA3EF
PIJAK FARM,13,40.07555,-74.499439,#CEA3EF
SMOKEY MOUNTAIN SMELTERS,13,35.919444,-83.925833,#CEA3EF
SOMERSWORTH SANITARY LANDFILL,13,43.2489,-70.8845,#CEA3EF
SOUTHERN CALIFORNIA EDISON CO. (VISALIA POLEYARD),13,36.333331,-119.2767,#CEA3EF
STAUFFER CHEMICAL CO. (LEMOYNE PLANT),13,30.969439,-88.0175,#CEA3EF
"TRANS CIRCUITS, INC.",13,26.795278,-80.073889,#CEA3EF
"VALLEY WOOD PRESERVING, INC.",13,37.4727,-120.8239,#CEA3EF
WAUSAU GROUND WATER CONTAMINATION,13,44.9773,-89.6292,#CEA3EF
WELDON SPRING FORMER ARMY ORDNANCE WORKS,13,38.696389,-90.729161,#CEA3EF
WOODLAND ROUTE 532 DUMP,13,39.829169,-74.492231,#CEA3EF
"ALABAMA PLATING COMPANY, INC.",12,33.399722,-86.405,#CEA3EF
CIDRA GROUNDWATER CONTAMINATION,12,18.175277,-66.161944,#CEA3EF
CONRAIL RAIL YARD (ELKHART),12,41.6634,-86.0115,#CEA3EF
DAVIE LANDFILL,12,26.0696,-80.3426,#CEA3EF
DUBOSE OIL PRODUCTS CO.,12,30.618061,-87.37695,#CEA3EF
FREMONT NATIONAL FOREST/WHITE KING AND LUCKY LASS URANIUM MINES (USDA),12,42.336111,-120.541667,#CEA3EF
G&H LANDFILL,12,42.664719,-83.077769,#CEA3EF
GILT EDGE MINE,12,44.332324,-103.668728,#CEA3EF
"GOLDISC RECORDINGS, INC.",12,40.7745,-73.0647,#CEA3EF
GREENACRES LANDFILL,12,47.6627,-117.1169,#CEA3EF
HIPPS ROAD LANDFILL,12,30.216939,-81.805561,#CEA3EF
JACKSONVILLE MUNICIPAL LANDFILL,12,34.863331,-92.071661,#CEA3EF
LIBBY ASBESTOS SITE,12,48.391528,-115.551111,#CEA3EF
NEWMARK GROUND WATER CONTAMINATION,12,34.171811,-117.3131,#CEA3EF
NORTH MARKET STREET,12,47.7297,-117.3626,#CEA3EF
PAGEL'S PIT,12,42.158331,-89.056661,#CEA3EF
RAILROAD AVENUE GROUNDWATER CONTAMINATION,12,41.578333,-93.702222,#CEA3EF
ROCHESTER PROPERTY,12,34.9719,-82.5015,#CEA3EF
ROCKWOOL INDUSTRIES INC.,12,31.051667,-97.438056,#CEA3EF
STANLEY KESSLER,12,40.083889,-75.355,#CEA3EF
TOMAH MUNICIPAL SANITARY LANDFILL,12,43.9944,-90.522,#CEA3EF
UNITED STATES AVENUE BURN,12,39.834167,-74.963889,#CEA3EF
WOODLAND ROUTE 72 DUMP,12,39.821669,-74.447781,#CEA3EF
A.L. TAYLOR (VALLEY OF DRUMS),11,38.081939,-85.725,#CEA3EF
ATLAS ASBESTOS MINE,11,36.321669,-120.5867,#CEA3EF
BALLY GROUND WATER CONTAMINATION,11,40.3984,-75.5933,#CEA3EF
BANGOR ORDNANCE DISPOSAL (USNAVY),11,47.764719,-122.7008,#CEA3EF
D'IMPERIO PROPERTY,11,39.454439,-74.658889,#CEA3EF
DUBLIN TCE SITE,11,40.370892,-75.204897,#CEA3EF
EASTERN SURPLUS,11,45.038889,-67.358333,#CEA3EF
ENTERPRISE AVENUE,11,39.885,-75.2125,#CEA3EF
FMC CORP. (FRIDLEY PLANT),11,45.0565,-93.2762,#CEA3EF
GURLEY PESTICIDE BURIAL,11,NA,NA,#CEA3EF
HIGHWAY 71/72 REFINERY,11,NA,NA,#CEA3EF
HOLLINGSWORTH SOLDERLESS TERMINAL,11,26.198331,-80.152219,#CEA3EF
ISLAND CHEMICAL CORP/VIRGIN ISLANDS CHEMICAL CORP.,11,17.709722,-64.790833,#CEA3EF
JJ SEIFERT MACHINE,11,27.678611,-82.477778,#CEA3EF
"LAWRENCE AVIATION INDUSTRIES, INC.",11,40.928139,-73.069194,#CEA3EF
LAWRENCE TODTZ FARM,11,41.787781,-90.292639,#CEA3EF
MALVERN TCE,11,40.061669,-75.56805,#CEA3EF
MASON COUNTY LANDFILL,11,43.9185,-86.4292,#CEA3EF
MIDDLESEX SAMPLING PLANT (USDOE),11,40.569806,-74.493194,#CEA3EF
"MONITOR DEVICES, INC./INTERCIRCUITS, INC.",11,40.185281,-74.119719,#CEA3EF
"MOTOR WHEEL, INC.",11,42.760831,-84.535,#CEA3EF
MURRAY-OHIO DUMP,11,35.2275,-87.361111,#CEA3EF
PETERS CARTRIDGE FACTORY,11,39.350694,-84.242222,#CEA3EF
PRICE LANDFILL,11,39.415281,-74.52695,#CEA3EF
RAYMARK,11,40.179719,-75.098611,#CEA3EF
REILLY TAR & CHEMICAL CORP. (ST. LOUIS PARK PLANT),11,44.941669,-93.372219,#CEA3EF
ROCKY HILL MUNICIPAL WELL,11,40.401669,-74.6475,#CEA3EF
SHARON STEEL CORP. (MIDVALE TAILINGS),11,40.607022,-111.910576,#CEA3EF
SHERWOOD MEDICAL CO.,11,41.993611,-97.421389,#CEA3EF
SOL LYNN/INDUSTRIAL TRANSFORMERS,11,29.678889,-95.398611,#CEA3EF
TRI-CITY DISPOSAL CO.,11,38.047781,-85.768331,#CEA3EF
URAVAN URANIUM PROJECT (UNION CARBIDE CORP.),11,38.369015,-108.747527,#CEA3EF
WINTHROP LANDFILL,11,44.275831,-69.988331,#CEA3EF
YAWORSKI WASTE LAGOON,11,41.66945,-71.964161,#CEA3EF
ABERDEEN CONTAMINATED GROUND WATER,10,35.1224,-79.4025,#N/A
AIR FORCE PLANT PJKS,10,39.508686,-105.128965,#N/A
ALCOA (POINT COMFORT)/LAVACA BAY,10,28.650833,-96.562222,#N/A
ANCHOR CHEMICALS,10,40.766389,-73.546389,#N/A
ANDERSON DEVELOPMENT CO.,10,41.893611,-84.017219,#N/A
C & J DISPOSAL LEASING CO. DUMP,10,42.8638,-75.5687,#N/A
CRAIG FARM DRUM,10,41.0446,-79.6825,#N/A
EVERGREEN MANOR GROUND WATER CONTAMINATION,10,NA,NA,#N/A
GARVEY ELEVATOR,10,40.563611,-98.415556,#N/A
GOWANUS CANAL,10,40.681639,-73.987333,#N/A
GULFCO MARINE MAINTENANCE,10,28.966847,-95.289656,#N/A
JACKSON PARK HOUSING COMPLEX (USNAVY),10,47.58861,-122.695972,#N/A
KERR-MCGEE (SEWAGE TREATMENT PLANT),10,41.8643,-88.1924,#N/A
LAGRAND SANITARY LANDFILL,10,45.9,-95.496669,#N/A
LIBERTY INDUSTRIAL FINISHING,10,40.72625,-73.448889,#N/A
LINCOLN PARK,10,38.405864,-105.219379,#N/A
LOUISIANA-PACIFIC CORP.,10,39.4743,-121.5703,#N/A
MACALLOY CORPORATION,10,32.838056,-79.951194,#N/A
MANNHEIM AVENUE DUMP,10,39.538889,-74.533331,#N/A
MIDLAND PRODUCTS,10,35.025,-93.203889,#N/A
MOUNTAIN PINE PRESSURE TREATING,10,34.984167,-93.302222,#N/A
MUSKEGON CHEMICAL CO.,10,43.3891,-86.334,#N/A
OLD ROOSEVELT FIELD CONTAMINATED GW AREA,10,40.733611,-73.618472,#N/A
PARKVIEW WELL,10,40.895833,-98.365,#N/A
PMC GROUNDWATER,10,45.376,-84.964,#N/A
ROCKY FLATS PLANT (USDOE),10,39.892897,-105.1996,#N/A
SCHMALZ DUMP,10,44.21,-88.396669,#N/A
"SCORPIO RECYCLING, INC.",10,18.409167,-66.231944,#N/A
SPRAGUE ELECTRIC COMPANY,10,NA,NA,#N/A
TAPUTIMU FARM,10,-14.3601,-170.772,#N/A
TELEDYNE SEMICONDUCTOR,10,37.4108,-122.0797,#N/A
"TRW MICROWAVE, INC (BUILDING 825)",10,37.3846,-122.0085,#N/A
UNITED CREOSOTING CO.,10,30.331669,-95.456669,#N/A
V&M/ALBALADEJO,10,18.41,-66.38,#N/A
WASTE DISPOSAL ENGINEERING,10,45.228,-93.3122,#N/A
WHITEFORD SALES & SERVICE INC./NATIONALEASE,10,41.663889,-86.280281,#N/A
ADAM'S PLATING,9,42.739439,-84.587781,#D4AAF4
AGRICO CHEMICAL CO.,9,30.4512,-87.2256,#D4AAF4
CELTOR CHEMICAL WORKS,9,41.1027,-123.6911,#D4AAF4
"CHEM-SOLV, INC.",9,39.2216,-75.5764,#D4AAF4
CITY OF PERRYTON WELL NO. 2,9,36.400556,-100.804722,#D4AAF4
COALINGA ASBESTOS MINE,9,36.31,-120.5283,#D4AAF4
CROWN CLEANERS OF WATERTOWN INC.,9,44.022944,-75.651861,#D4AAF4
DEL NORTE PESTICIDE STORAGE,9,41.773331,-124.2317,#D4AAF4
DELAWARE CITY PVC PLANT,9,39.586111,-75.649439,#D4AAF4
FLASH CLEANERS,9,26.2824,-80.0969,#D4AAF4
HOOKER (HYDE PARK),9,43.131111,-79.036669,#D4AAF4
"KOPPERS CO., INC. (MORRISVILLE PLANT)",9,35.8463,-78.8406,#D4AAF4
LANDFILL & DEVELOPMENT CO.,9,39.980561,-74.770839,#D4AAF4
LYMAN DYEING AND FINISHING,9,NA,NA,#D4AAF4
"MERCURY REFINING, INC.",9,42.689719,-73.804169,#D4AAF4
MONROE TOWNSHIP LANDFILL,9,40.361669,-74.401389,#D4AAF4
NEAL'S LANDFILL (BLOOMINGTON),9,39.1667,-86.6405,#D4AAF4
NEW CASSEL/HICKSVILLE GROUND WATER CONTAMINATION,9,40.752446,-73.559781,#D4AAF4
ODESSA CHROMIUM #1,9,31.881669,-102.4033,#D4AAF4
PALMER BARGE LINE,9,29.961453,-93.855083,#D4AAF4
PEPE FIELD,9,40.912219,-74.411939,#D4AAF4
POMONA OAKS RESIDENTIAL WELLS,9,39.477781,-74.569439,#D4AAF4
PUBLICKER INDUSTRIES INC.,9,39.90805,-75.135281,#D4AAF4
PUCHACK WELL FIELD,9,39.976667,-75.051944,#D4AAF4
RARITAN BAY SLAG,9,40.464589,-74.258017,#D4AAF4
RESIN DISPOSAL,9,40.2705,-79.9124,#D4AAF4
RYELAND ROAD ARSENIC SITE,9,40.35395,-76.175361,#D4AAF4
SANFORD DRY CLEANERS,9,28.811217,-81.265606,#D4AAF4
SAYREVILLE LANDFILL,9,40.445561,-74.358331,#D4AAF4
SHEBOYGAN HARBOR & RIVER,9,43.749444,-87.70075,#D4AAF4
SIXTY ONE INDUSTRIAL PARK,9,NA,NA,#D4AAF4
SOUTHWEST JEFFERSON COUNTY MINING,9,38.186794,-90.758975,#D4AAF4
STANDARD AUTO BUMPER CORP.,9,25.844444,-80.289721,#D4AAF4
SYDNEY MINE SLUDGE PONDS,9,27.929166,-82.209166,#D4AAF4
TRIANGLE CHEMICAL CO.,9,30.058,-93.8093,#D4AAF4
TYBOUTS CORNER LANDFILL,9,39.6125,-75.653339,#D4AAF4
UNIMATIC MANUFACTURING CORPORATION,9,40.878792,-74.269155,#D4AAF4
WEST VIRGINIA ORDNANCE (USARMY),9,38.926389,-82.076389,#D4AAF4
WPSC MARINETTE MGP,9,NA,NA,#D4AAF4
ABC ONE HOUR CLEANERS,8,34.7414,-77.3666,#D4AAF4
ANACONDA ALUMINUM CO./MILGO ELECTRONICS CORP.,8,25.843061,-80.256531,#D4AAF4
"B&B CHEMICAL CO., INC.",8,25.839581,-80.300139,#D4AAF4
BEAUNIT CORP. (CIRCULAR KNIT & DYEING PLANT),8,34.698061,-82.216111,#D4AAF4
BENNETT STONE QUARRY,8,39.1902,-86.5612,#D4AAF4
BERKS SAND PIT,8,40.4646,-75.6273,#D4AAF4
BRANDYWINE DRMO,8,38.698056,-76.845,#D4AAF4
"C & R BATTERY CO., INC.",8,37.418,-77.415,#D4AAF4
"CEDARTOWN INDUSTRIES, INC.",8,34.0082,-85.2636,#D4AAF4
EAST HELENA SITE,8,46.583866,-111.920692,#D4AAF4
FIRESTONE TIRE & RUBBER CO. (SALINAS PLANT),8,36.6249,-121.5901,#D4AAF4
FRUIT AVENUE PLUME,8,35.086444,-106.640611,#D4AAF4
HAMILTON/LABREE ROADS GW CONTAMINATION,8,46.623472,-122.933056,#D4AAF4
HANFORD 1100-AREA (USDOE),8,46.3231,-119.2848,#D4AAF4
HOOKER (S AREA),8,43.0757,-79.0054,#D4AAF4
INTERNATIONAL MINERALS AND CHEMICALS (IMC),8,NA,NA,#D4AAF4
INTERSIL INC./SIEMENS COMPONENTS,8,37.3361,-122.0015,#D4AAF4
"ITT-THOMPSON INDUSTRIES, INC",8,NA,NA,#D4AAF4
KIMBERTON,8,40.12695,-75.575,#D4AAF4
MOSES LAKE WELLFIELD CONTAMINATION,8,47.204722,-119.315556,#D4AAF4
NEW HANOVER CNTY AIRPORT BURN PIT,8,34.275,-77.915281,#D4AAF4
NORTH SHORE GAS SOUTH PLANT,8,NA,NA,#D4AAF4
ORDNANCE WORKS DISPOSAL AREAS,8,39.603331,-79.979719,#D4AAF4
OTTAWA RADIATION AREAS,8,41.351667,-88.836111,#D4AAF4
PARRAMORE SURPLUS,8,30.660689,-84.69375,#D4AAF4
PINETTE'S SALVAGE YARD,8,46.7782,-68.1701,#D4AAF4
PIPER AIRCRAFT CORP./VERO BEACH WATER & SEWER DEPARTMENT,8,27.647499,-80.415555,#D4AAF4
QUALITY PLATING,8,36.96305,-89.557219,#D4AAF4
"ROTO-FINISH CO., INC.",8,42.2292,-85.5443,#D4AAF4
SCHUYLKILL METALS CORP.,8,28.010831,-82.143061,#D4AAF4
SHERWIN-WILLIAMS/HILLIARDS CREEK,8,39.835526,-74.964977,#D4AAF4
"SOUTHERN SOLVENTS, INC.",8,28.040556,-82.510278,#D4AAF4
TABERNACLE DRUM DUMP,8,39.82,-74.700839,#D4AAF4
TULSA FUEL AND MANUFACTURING,8,36.34625,-95.848611,#D4AAF4
WESTERN PACIFIC RAILROAD CO.,8,39.483061,-121.5525,#D4AAF4
WIDE BEACH DEVELOPMENT,8,42.586669,-79.128611,#D4AAF4
WINDOM DUMP,8,43.86875,-95.100939,#D4AAF4
WOLFF-ALPORT CHEMICAL COMPANY,8,40.692672,-73.901997,#D4AAF4
ALCOA (VANCOUVER SMELTER),7,45.649439,-122.7318,#D4AAF4
ATLANTIC FLEET WEAPONS TRAINING AREA,7,18.13058,-65.3106,#D4AAF4
"CAROLAWN, INC.",7,34.686111,-80.94305,#D4AAF4
CHISMAN CREEK,7,37.177,-76.4631,#D4AAF4
COLEMAN-EVANS WOOD PRESERVING CO.,7,30.313889,-81.842781,#D4AAF4
DAVIS PARK ROAD TCE,7,35.231667,-81.218889,#D4AAF4
"DELTA QUARRIES & DISPOSAL, INC./STOTLER LANDFILL",7,40.553611,-78.35445,#D4AAF4
"DIXIE OIL PROCESSORS, INC.",7,29.5686,-95.2047,#D4AAF4
EAGLE PICHER CAREFREE BATTERY,7,34.099517,-106.901239,#D4AAF4
"ELECTRO-COATINGS, INC.",7,41.9953,-91.671389,#D4AAF4
ELIZABETHTOWN LANDFILL,7,40.132781,-76.608189,#D4AAF4
FARMERS' MUTUAL COOPERATIVE,7,43.074169,-95.905,#D4AAF4
FORMER KIL-TONE COMPANY,7,39.47841,-75.025489,#D4AAF4
FORT RICHARDSON (USARMY),7,61.258333,-149.7,#D4AAF4
HAVILAND COMPLEX,7,41.771111,-73.908061,#D4AAF4
HEDBLUM INDUSTRIES,7,44.4113,-83.3469,#D4AAF4
HIDDEN VALLEY LANDFILL (THUN FIELD),7,47.095,-122.2878,#D4AAF4
HOPEWELL PRECISION,7,41.61156,-73.78177,#D4AAF4
HOWE VALLEY LANDFILL,7,37.6685,-86.1242,#D4AAF4
HUDSON RIVER PCBS,7,43.1102,-73.5765,#D4AAF4
KATONAH MUNICIPAL WELL,7,41.259169,-73.682911,#D4AAF4
LCP CHEMICALS GEORGIA,7,31.189444,-81.508333,#D4AAF4
LEE'S LANE LANDFILL,7,38.191111,-85.883061,#D4AAF4
LEE ACRES LANDFILL (USDOI),7,36.7111,-108.0921,#D4AAF4
LONG PRAIRIE GROUND WATER CONTAMINATION,7,45.978531,-94.856639,#D4AAF4
"MANY DIVERSIFIED INTERESTS, INC.",7,29.767778,-95.331667,#D4AAF4
MID-AMERICA TANNING CO.,7,42.3375,-96.352219,#D4AAF4
OESER CO.,7,48.770278,-122.514444,#D4AAF4
PAOLI RAIL YARD,7,40.043189,-75.492919,#D4AAF4
RAM LEATHER CARE SITE,7,35.231982,-80.602734,#D4AAF4
"SOLID STATE CIRCUITS, INC.",7,37.118061,-93.480281,#D4AAF4
SOUTH BRUNSWICK LANDFILL,7,40.402781,-74.56805,#D4AAF4
STATE ROAD 114 GROUNDWATER PLUME,7,33.599883,-102.405561,#D4AAF4
TOWN OF PINES GROUNDWATER PLUME,7,NA,NA,#D4AAF4
"UNITED SCRAP LEAD CO., INC.",7,40.008889,-84.198611,#D4AAF4
VALMONT TCE SITE   (FORMER - VALMONT INDUSTRIAL PARK),7,40.967778,-76.015556,#D4AAF4
WARD TRANSFORMER,7,35.901944,-78.773611,#D4AAF4
ACE SERVICES,6,39.396267,-101.040361,#D4AAF4
AMBLER ASBESTOS PILES,6,40.149719,-75.227219,#D4AAF4
BAYOU SORREL,6,30.2244,-91.4095,#D4AAF4
BEE CEE MANUFACTURING CO.,6,36.603292,-89.97905,#D4AAF4
BELTSVILLE AGRICULTURAL RESEARCH CENTER (USDA),6,39.029166,-76.884583,#D4AAF4
BEULAH LANDFILL,6,30.513061,-87.345139,#D4AAF4
"CHEMFORM, INC.",6,26.219055,-80.141374,#D4AAF4
CHEMPLEX CO II,6,NA,NA,#D4AAF4
COAST WOOD PRESERVING,6,39.1125,-123.193,#D4AAF4
COLBERT LANDFILL,6,47.861669,-117.3483,#D4AAF4
COLUMBUS OLD MUNICIPAL LANDFILL #1,6,39.1974,-85.926,#D4AAF4
DAVENPORT AND FLAGSTAFF SMELTERS,6,40.573611,-111.791944,#D4AAF4
DELAVAN MUNICIPAL WELL #4,6,42.631669,-88.623889,#D4AAF4
EAST BETHEL DEMOLITION LANDFILL,6,45.3653,-93.2246,#D4AAF4
FULBRIGHT LANDFILL,6,37.273056,-93.3125,#D4AAF4
INTEL CORP. (SANTA CLARA III),6,37.3737,-121.9717,#D4AAF4
"JONES CHEMICALS, INC.",6,42.976531,-77.845561,#D4AAF4
JOSLYN MANUFACTURING & SUPPLY CO.,6,45.045,-93.333339,#D4AAF4
KAISER ALUMINUM (MEAD WORKS),6,47.755,-117.3767,#D4AAF4
KURT MANUFACTURING CO.,6,45.064411,-93.268361,#D4AAF4
L.A. CLARKE & SON,6,38.236111,-77.4325,#D4AAF4
LANE STREET GROUND WATER CONTAMINATION,6,41.716847,-85.921006,#D4AAF4
LEE CHEMICAL,6,39.201111,-94.3925,#D4AAF4
LIQUID GOLD OIL CORP.,6,37.908333,-122.325,#D4AAF4
LUKE AIR FORCE BASE,6,33.54,-112.3567,#D4AAF4
MALLARD BAY LANDING BULK PLANT,6,29.934014,-92.655469,#D4AAF4
MANSFIELD TRAIL DUMP,6,40.928944,-74.6996,#D4AAF4
MCCHORD AIR FORCE BASE (WASH RACK/TREATMENT AREA),6,47.141111,-122.4889,#D4AAF4
MCGAFFEY AND MAIN GROUNDWATER PLUME,6,33.379792,-104.518722,#D4AAF4
MYERS PROPERTY,6,40.595,-74.9404,#D4AAF4
"NAVAL AIR STATION, WHIDBEY ISLAND (SEAPLANE BASE)",6,48.29945,-122.6133,#D4AAF4
NORTH PENN - AREA 12,6,40.1807,-75.3537,#D4AAF4
NORTH PENN - AREA 6,6,40.248331,-75.295639,#D4AAF4
PACIFIC HIDE & FUR RECYCLING CO.,6,42.8957,-112.486,#D4AAF4
PALERMO WELL FIELD GROUND WATER CONTAMINATION,6,47.001667,-122.904167,#D4AAF4
"PEPPER STEEL & ALLOYS, INC.",6,25.873611,-80.353331,#D4AAF4
PRESTOLITE BATTERY DIVISION,6,38.691669,-87.501661,#D4AAF4
PRICE BATTERY LEAD SMELTER,6,40.549507,-75.980228,#D4AAF4
RICHARDSON HILL ROAD LANDFILL/POND,6,42.252781,-75.249169,#D4AAF4
SILVER MOUNTAIN MINE,6,48.745,-119.557,#D4AAF4
SOUTH BAY ASBESTOS AREA,6,37.429861,-121.9811,#D4AAF4
TOFTDAHL DRUMS,6,45.7549,-122.4464,#D4AAF4
TOWN GARAGE/RADIO BEACON,6,42.861669,-71.393611,#D4AAF4
UNITED HECKATHORN CO.,6,37.9226,-122.3654,#D4AAF4
VENTRON/VELSICOL,6,40.84,-74.079439,#D4AAF4
VOORTMAN FARM,6,40.547,-75.4475,#D4AAF4
WASHINGTON COUNTY LEAD DISTRICT - FURNACE CREEK,6,37.840531,-90.799556,#D4AAF4
"WEDZEB ENTERPRISES, INC.",6,40.0453,-86.4723,#D4AAF4
WESTINGHOUSE ELEVATOR CO. PLANT,6,39.857219,-77.24,#D4AAF4
ADAK NAVAL AIR STATION,5,51.8775,-176.6525,#N/A
BARCELONETA LANDFILL,5,18.41055,-66.547781,#N/A
BAYTOWN TOWNSHIP GROUND WATER PLUME,5,45,-92.833333,#N/A
BEC TRUCKING,5,42.097639,-75.998339,#N/A
BENNINGTON MUNICIPAL SANITARY LANDFILL,5,42.922219,-73.197781,#N/A
BMI-TEXTRON,5,26.7937,-80.0738,#N/A
BRUNO CO-OP ASSOCIATION/ASSOCIATED PROPERTIES,5,41.285486,-96.959531,#N/A
CALLAWAY & SON DRUM SERVICE,5,28.098056,-81.714722,#N/A
CENTRALIA MUNICIPAL LANDFILL,5,46.696669,-122.9633,#N/A
DEL MONTE CORP. (OAHU PLANTATION),5,21.458333,-158.066667,#N/A
EIGHTEENMILE CREEK,5,43.1813,-78.689544,#N/A
"GOULD, INC.",5,45.5692,-122.7483,#N/A
JONES ROAD GROUND WATER PLUME,5,29.938372,-95.585473,#N/A
KASSAUF-KIMERLING BATTERY DISPOSAL,5,27.967219,-82.39,#N/A
LEMON LANE LANDFILL,5,39.1731,-86.5598,#N/A
LINDANE DUMP,5,40.6257,-79.7155,#N/A
LITTLE VALLEY,5,42.236667,-78.766944,#N/A
LUDLOW SAND & GRAVEL,5,42.959169,-75.226389,#N/A
LUSHER STREET GROUND WATER CONTAMINATION,5,41.672922,-85.996225,#N/A
NEWTON COUNTY WELLS,5,37.044722,-94.473056,#N/A
NORTHSIDE LANDFILL,5,47.7275,-117.4828,#N/A
REVERE CHEMICAL CO.,5,40.502781,-75.168889,#N/A
RIPON CITY LANDFILL,5,43.866806,-88.870556,#N/A
RITARI POST & POLE,5,46.6608,-95.0298,#N/A
"ROCKETS, FIREWORKS, AND FLARES SITE",5,34.153683,-117.416567,#N/A
SAN GERMAN GROUND WATER CONTAMINATION,5,18.084472,-67.035306,#N/A
SAUK COUNTY LANDFILL,5,43.5145,-89.8775,#N/A
SHIAWASSEE RIVER,5,42.622781,-83.963611,#N/A
SHRIVER'S CORNER,5,39.8999,-77.2055,#N/A
SUSSEX COUNTY LANDFILL NO. 5,5,38.535,-75.614169,#N/A
SYNTEX FACILITY,5,36.965,-93.798331,#N/A
TENTH STREET DUMP/JUNKYARD,5,35.47805,-97.451939,#N/A
"TIPPECANOE SANITARY LANDFILL, INC.",5,40.456111,-86.872219,#N/A
"VINELAND CHEMICAL CO., INC.",5,39.510281,-75.056661,#N/A
WEST HIGHWAY 6 & HIGHWAY 281,5,40.5712,-98.4095,#N/A
WHITE SWAN LAUNDRY AND CLEANER INC.,5,40.135721,-74.06,#N/A
YELLOW WATER ROAD,5,30.2803,-81.9717,#N/A
ALCOA PROPERTIES,4,NA,NA,#DAB1F9
ALPHA CHEMICAL CORP.,4,28.100831,-82.009719,#DAB1F9
"ARKWOOD, INC.",4,36.445,-93.1964,#DAB1F9
CARSON RIVER MERCURY SITE,4,39.23195,-119.5892,#DAB1F9
CARTER LEE LUMBER CO.,4,39.7654,-86.1918,#DAB1F9
CAYUGA GROUNDWATER CONTAMINATION SITE,4,42.880556,-76.6425,#DAB1F9
CHARLEVOIX MUNICIPAL WELL,4,45.317781,-85.266669,#DAB1F9
COLORADO SMELTER,4,38.249106,-104.60801,#DAB1F9
COMPUTER CIRCUITS,4,40.813194,-73.24611,#DAB1F9
DIAMOND SHAMROCK CORP. LANDFILL,4,34.0207,-85.2717,#DAB1F9
EUREKA MILLS,4,39.955556,-112.115556,#DAB1F9
FISCHER & PORTER CO.,4,40.183889,-75.0925,#DAB1F9
FORMOSA MINE,4,42.854472,-123.382611,#DAB1F9
FULTON AVENUE,4,40.737337,-73.657844,#DAB1F9
HAMILTON ISLAND LANDFILL (USA/COE),4,45.629583,-121.985,#DAB1F9
HECHIMOVICH SANITARY LANDFILL,4,43.459531,-88.554139,#DAB1F9
HRANICA LANDFILL,4,40.677219,-79.749439,#DAB1F9
HYDRO-FLEX INC.,4,39.087078,-95.725792,#DAB1F9
ILLINOIS CENTRAL RAILROAD COMPANY'S JOHNSTON YARD SUPERFUND SITE,4,NA,NA,#DAB1F9
IMPERIAL REFINING COMPANY,4,34.195486,-97.107931,#DAB1F9
JACOBS SMELTER,4,40.422185,-112.385736,#DAB1F9
JACOBSVILLE NEIGHBORHOOD SOIL CONTAMINATION,4,37.979297,-87.563989,#DAB1F9
"MARTIN AARON, INC.",4,39.926111,-75.119167,#DAB1F9
MAUNABO URBANO PUBLIC WELLS,4,18.005611,-65.901417,#DAB1F9
MINKER/STOUT/ROMAINE CREEK,4,38.44,-90.48,#DAB1F9
MONTCLAIR/WEST ORANGE RADIUM SITE,4,40.7929,-74.2257,#DAB1F9
NEAL'S DUMP (SPENCER),4,39.2381,-86.7968,#DAB1F9
NORTH PENN - AREA 7,4,40.218061,-75.278889,#DAB1F9
NORTH RAILROAD AVENUE PLUME,4,35.9914,-106.081384,#DAB1F9
ODESSA CHROMIUM #2 (ANDREWS HIGHWAY),4,31.8934,-102.3905,#DAB1F9
OLD ESCO MANUFACTURING,4,33.1383,-96.0755,#DAB1F9
OTTAWA TOWNSHIP FLAT GLASS SITE,4,NA,NA,#DAB1F9
PESTICIDE WAREHOUSE III,4,18.429139,-66.458,#DAB1F9
REESER'S LANDFILL,4,40.5794,-75.6564,#DAB1F9
RIVERBANK ARMY AMMUNITION PLANT,4,37.71695,-120.9181,#DAB1F9
ROCK HILL CHEMICAL CO.,4,34.9661,-80.9985,#DAB1F9
RUSTON FOUNDRY,4,31.29722,-92.439583,#DAB1F9
SMALLEY-PIPER,4,35.044444,-89.685833,#DAB1F9
"SOLA OPTICAL USA, INC.",4,38.2332,-122.5931,#DAB1F9
STANDARD MINE,4,38.880894,-107.072129,#DAB1F9
STANDARD STEEL & METALS SALVAGE YARD (USDOT),4,61.2279,-149.8324,#DAB1F9
STANTON CLEANERS AREA GROUND WATER CONTAMINATION,4,40.782361,-73.734139,#DAB1F9
SUFFERN VILLAGE WELL FIELD,4,41.1162,-74.159,#DAB1F9
TEN-MILE DRAIN,4,42.486944,-82.899167,#DAB1F9
TIMES BEACH,4,38.508339,-90.601669,#DAB1F9
"UNITED CHROME PRODUCTS, INC.",4,44.5042,-123.2861,#DAB1F9
UNIVERSITY OF MINNESOTA (ROSEMOUNT RESEARCH CENTER),4,44.719439,-93.072811,#DAB1F9
VEGA BAJA SOLID WASTE DISPOSAL,4,18.434306,-66.389722,#DAB1F9
VIENNA TETRACHLOROETHENE,4,39.325167,-81.548778,#DAB1F9
VINELAND STATE SCHOOL,4,39.486111,-74.991669,#DAB1F9
WAVERLY GROUND WATER CONTAMINATION,4,40.917219,-96.529439,#DAB1F9
WHITEWOOD CREEK,4,44.54896,-103.555723,#DAB1F9
ALADDIN PLATING,3,41.491939,-75.662781,#DAB1F9
ARRCOM (DREXLER ENTERPRISES),3,47.7847,-116.9458,#DAB1F9
ARSENIC TRIOXIDE SITE,3,46.125412,-97.250832,#DAB1F9
AUSTIN AVENUE RADIATION SITE,3,39.943056,-75.261944,#DAB1F9
BENDIX FLIGHT SYSTEMS DIVISION,3,41.797361,-75.88625,#DAB1F9
CROWN VANTAGE LANDFILL,3,40.552028,-75.078917,#DAB1F9
CRYSTAL CHEMICAL CO.,3,29.7206,-95.5644,#DAB1F9
CRYSTAL CITY AIRPORT,3,28.6969,-99.8176,#DAB1F9
"CTS OF ASHEVILLE, INC.",3,35.493075,-82.505953,#DAB1F9
"CURTIS SPECIALTY PAPERS, INC",3,40.561758,-75.089842,#DAB1F9
DAVIS TIMBER COMPANY,3,31.345192,-89.404461,#DAB1F9
DIXIE CAVERNS COUNTY LANDFILL,3,37.259719,-80.193611,#DAB1F9
DUTCHTOWN TREATMENT PLANT,3,30.256669,-90.98,#DAB1F9
FLAT CREEK IMM,3,47.226375,-114.871355,#DAB1F9
GALEN MYERS DUMP/DRUM SALVAGE,3,41.695839,-86.0875,#DAB1F9
GE WIRING DEVICES,3,18.059439,-66.508889,#DAB1F9
GLEN RIDGE RADIUM SITE,3,40.788189,-74.2125,#DAB1F9
GRAND STREET MERCURY,3,40.746111,-74.034444,#DAB1F9
GRATIOT COUNTY LANDFILL,3,43.395,-84.595281,#DAB1F9
HI-MILL MANUFACTURING CO.,3,42.649831,-83.593089,#DAB1F9
ICELAND COIN LAUNDRY AREA GW PLUME,3,39.45725,-75.04725,#DAB1F9
INTERNATIONAL MINERALS (E. PLANT),3,39.437781,-87.391389,#DAB1F9
JIBBOOM JUNKYARD,3,38.591669,-121.5033,#DAB1F9
LANSDOWNE RADIATION SITE,3,39.9413,-75.2671,#DAB1F9
LEHILLIER/MANKATO,3,44.153331,-94.038331,#DAB1F9
LONE STAR ARMY AMMUNITION PLANT,3,33.4344,-94.2483,#DAB1F9
MADISONVILLE CREOSOTE WORKS,3,30.427222,-90.198611,#DAB1F9
MALLORY CAPACITOR CO.,3,35.317638,-87.758611,#DAB1F9
MATTEO & SONS INC.,3,39.85559,-75.1727,#DAB1F9
"MID-ATLANTIC WOOD PRESERVERS, INC.",3,39.163611,-76.698331,#DAB1F9
MIDWAY LANDFILL,3,47.38,-122.2933,#DAB1F9
MODESTO GROUND WATER CONTAMINATION,3,37.6591,-120.9964,#DAB1F9
MONTICELLO RADIOACTIVELY CONTAMINATED PROPERTIES,3,37.871092,-109.337034,#DAB1F9
NORTH RIDGE ESTATES,3,42.2648,-121.7465,#DAB1F9
OBEE ROAD,3,38.063503,-97.857775,#DAB1F9
OHIO RIVER PARK,3,40.518611,-80.1525,#DAB1F9
OMAHA LEAD,3,41.267778,-95.929722,#DAB1F9
PETER COOPER,3,42.458778,-78.927583,#DAB1F9
PLYMOUTH HARBOR/CANNON ENGINEERING CORP.,3,41.9796,-70.6854,#DAB1F9
SACO MUNICIPAL LANDFILL,3,43.5302,-70.4815,#DAB1F9
SALTVILLE WASTE DISPOSAL PONDS,3,36.883339,-81.783331,#DAB1F9
SAN GABRIEL VALLEY (AREA 4),3,34.016669,-117.9583,#DAB1F9
SHENANDOAH ROAD GROUNDWATER CONTAMINATION,3,41.526111,-73.792222,#DAB1F9
SHENANDOAH STABLES,3,38.92445,-90.926939,#DAB1F9
SMUGGLER MOUNTAIN,3,39.193693,-106.80984,#DAB1F9
SOUTHEASTERN WOOD PRESERVING,3,32.618061,-90.018189,#DAB1F9
STATE MARINE OF PORT ARTHUR,3,29.960833,-93.859167,#DAB1F9
TOMAH FAIRGROUNDS,3,43.970811,-90.519839,#DAB1F9
TYLER REFRIGERATION PIT,3,39.295281,-75.618889,#DAB1F9
UNITED NUCLEAR CORP.,3,35.643331,-108.5,#DAB1F9
"W.R. GRACE & CO., INC./WAYNE INTERIM STORAGE SITE (USDOE)",3,40.969014,-74.270327,#DAB1F9
WASHINGTON COUNTY LEAD DISTRICT - RICHWOODS,3,38.16615,-90.814264,#DAB1F9
WEST KINGSTON TOWN DUMP/URI DISPOSAL AREA,3,41.496667,-71.535278,#DAB1F9
ALBION-SHERIDAN TOWNSHIP LANDFILL,2,42.24955,-84.7195,#N/A
CARPENTER SNOW CREEK MINING DISTRICT,2,46.956312,-110.709797,#N/A
CEDAR CREEK,2,NA,NA,#N/A
CONROE CREOSOTING CO.,2,30.318744,-95.435428,#N/A
COROZAL WELL,2,18.295711,-66.286206,#N/A
DELATTE METALS,2,30.4225,-90.410833,#N/A
FLOWOOD SITE,2,32.3,-90.145839,#N/A
FORMER UNITED ZINC & ASSOCIATED SMELTERS,2,37.92228,-95.3859,#N/A
FORT DEVENS-SUDBURY TRAINING ANNEX,2,42.406944,-71.475278,#N/A
GARFIELD GROUND WATER CONTAMINATION,2,40.871858,-74.106431,#N/A
H & K SALES,2,43.098611,-85.228333,#N/A
HEGELER ZINC,2,40.076322,-87.650092,#N/A
INTERNATIONAL SMELTING AND REFINING,2,40.55269,-112.227965,#N/A
LI TUNGSTEN CORP.,2,40.860929,-73.640773,#N/A
METAL BANK,2,40.024169,-75.027781,#N/A
MONTROSE CHEMICAL CORP.,2,33.848331,-118.2983,#N/A
MORRIS ARSENIC DUMP,2,45.6066,-95.8845,#N/A
MOUNTAIN VIEW MOBILE HOME ESTATES,2,33.3728,-110.7332,#N/A
MOWBRAY ENGINEERING CO.,2,31.831669,-86.61305,#N/A
NAVAL SECURITY GROUP ACTIVITY,2,18.433061,-66.190281,#N/A
NL INDUSTRIES/TARACORP LEAD SMELTER,2,38.695,-90.158331,#N/A
NORTHWEST TRANSFORMER,2,48.8905,-122.3534,#N/A
NOVACO INDUSTRIES,2,41.7856,-83.6443,#N/A
OAKDALE DUMP,2,45,-92.966669,#N/A
"PAPELERA PUERTORRIQUENA, INC.",2,18.265194,-66.694908,#N/A
"RADIUM CHEMICAL CO., INC.",2,40.76,-73.9025,#N/A
SANDY BEACH ROAD GROUND WATER PLUME,2,32.928472,-97.525,#N/A
SCHOFIELD BARRACKS (USARMY),2,21.490694,-158.030139,#N/A
SPRAGUE ROAD GROUND WATER PLUME,2,31.918611,-102.428333,#N/A
TERRY CREEK DREDGE SPOIL AREAS/HERCULES OUTFALL,2,NA,NA,#N/A
TOMAH ARMORY,2,43.9927,-90.5004,#N/A
TRI-STATE PLATING,2,39.2164,-85.9007,#N/A
"U.S. SMELTER AND LEAD REFINERY, INC.",2,41.616758,-87.464046,#N/A
VASQUEZ BOULEVARD AND I-70,2,39.791667,-104.958333,#N/A
WASHINGTON COUNTY LEAD DISTRICT - OLD MINES,2,38.075278,-90.738333,#N/A
WASHINGTON COUNTY LEAD DISTRICT - POTOSI,2,37.9399,-90.7724,#N/A
WHITE FARM EQUIPMENT CO. DUMP,2,43.085,-92.680781,#N/A
WILLIAMS PIPE LINE CO. DISPOSAL PIT,2,43.545281,-96.795869,#N/A
WOODBROOK ROAD DUMP,2,40.561564,-74.402914,#N/A
WRIGHT GROUND WATER CONTAMINATION,2,37.780781,-99.889442,#N/A
AGATE LAKE SCRAPYARD,1,46.453561,-94.375831,#DEB6FD
ARKANSAS CITY DUMP,1,37.056317,-97.050025,#DEB6FD
BEACHWOOD/BERKELEY WELLS,1,39.924719,-74.196661,#DEB6FD
BIG RIVER MINE TAILINGS/ST. JOE MINERALS CORP.,1,37.878097,-90.539344,#DEB6FD
CONKLIN DUMPS,1,42.05,-75.81805,#DEB6FD
FIVE POINTS PCE PLUME,1,40.874243,-111.885892,#DEB6FD
FRIDLEY COMMONS PARK WELL FIELD,1,45.080556,-93.255556,#DEB6FD
GE MOREAU,1,43.28305,-73.629169,#DEB6FD
GRIGGS & WALNUT GROUND WATER PLUME,1,32.315556,-106.76,#DEB6FD
HARRIS (FARLEY STREET),1,29.6244,-95.1627,#DEB6FD
HOMESTAKE MINING CO.,1,35.243331,-107.8633,#DEB6FD
INTERMOUNTAIN WASTE OIL REFINERY,1,40.879444,-111.889444,#DEB6FD
KERR-MCGEE (REED-KEPPLER PARK),1,41.891939,-88.208339,#DEB6FD
LEHIGH ELECTRIC & ENGINEERING CO.,1,41.357531,-75.740689,#DEB6FD
LEHIGH VALLEY RAILROAD,1,42.992028,-77.933306,#DEB6FD
MATTHEWS ELECTROPLATING,1,37.2569,-80.1675,#DEB6FD
MONSANTO CORP. (AUGUSTA PLANT),1,33.38945,-81.993061,#DEB6FD
NL INDUSTRIES/TARACORP/GOLDEN AUTO,1,44.936111,-93.363611,#DEB6FD
NUTMEG VALLEY ROAD,1,41.5748,-72.9986,#DEB6FD
NUTTING TRUCK & CASTER CO.,1,44.289169,-93.286389,#DEB6FD
OAK GROVE VILLAGE WELL,1,38.220972,-91.149461,#DEB6FD
"PALMETTO RECYCLING, INC.",1,34.1228,-81.0117,#DEB6FD
PEACH ORCHARD RD PCE GROUNDWATER PLUME SITE,1,33.421178,-82.015139,#DEB6FD
PERDIDO GROUND WATER CONTAMINATION,1,31.0125,-87.625,#DEB6FD
PERHAM ARSENIC SITE,1,46.587781,-95.571661,#DEB6FD
PICAYUNE WOOD TREATING SITE,1,30.524444,-89.689722,#DEB6FD
PRESQUE ISLE,1,42.1497,-80.1333,#DEB6FD
RAVENSWOOD PCE,1,38.951667,-81.761667,#DEB6FD
"SCRAP PROCESSING CO., INC.",1,45.1456,-90.3529,#DEB6FD
SOUTH MINNEAPOLIS RESIDENTIAL SOIL CONTAMINATION,1,44.9528,-93.2427,#DEB6FD
TRIANA/TENNESSEE RIVER,1,34.623503,-86.694499,#DEB6FD
UPJOHN FACILITY,1,18.4292,-66.5901,#DEB6FD
VANCOUVER WATER STATION #1 CONTAMINATION,1,45.638471,-122.645417,#DEB6FD
VANCOUVER WATER STATION #4 CONTAMINATION,1,45.6195,-122.622472,#DEB6FD
